SOC [%],Voltage [V],Frequency [Hz],Re(Ztot) [Ohm],-Im(Ztot) [Ohm],,SOC [%],Voltage [V],Frequency [Hz],Re(Ztot) [Ohm],-Im(Ztot) [Ohm]
100,1.6048257,100003.71,0.11709812,-0.091627985,,100,1.6042707,100003.71,0.11350565,-0.089973748
100,1.6048014,79433.273,0.11574821,-0.067414254,,100,1.6048032,79433.273,0.11110282,-0.067979008
100,1.604797,63093.824,0.11445133,-0.049101222,,100,1.6048739,63093.824,0.11568929,-0.049193062
100,1.6047937,50122.477,0.11354565,-0.03306862,,100,1.6049356,50122.477,0.11581337,-0.032913886
100,1.6047921,39814.059,0.1164987,-0.020995598,,100,1.6050032,39814.059,0.1159054,-0.018876668
100,1.6047865,31621.139,0.11743746,-0.010834876,,100,1.6050571,31621.139,0.12002842,-0.008240647
100,1.6047813,25116.91,0.12056759,-0.000979579,,100,1.6051124,25116.91,0.12217385,0.000618495
100,1.6047767,19948.785,0.12300065,0.007130554,,100,1.6051469,19948.785,0.12484568,0.007845121
100,1.6047744,15847.683,0.12581523,0.013798361,,100,1.6051835,15847.683,0.12690425,0.016660692
100,1.6047795,12590.93,0.12808527,0.02181693,,100,1.6052177,12590.93,0.13056768,0.023734877
100,1.6047721,10002.226,0.13260444,0.028467074,,100,1.6052525,10002.226,0.13438883,0.028720794
100,1.6047674,7943.999,0.13684636,0.035972748,,100,1.6052798,7943.999,0.13887474,0.036889341
100,1.6047578,6307.7339,0.14216639,0.04254403,,100,1.6053002,6307.7339,0.14326593,0.0444635
100,1.6047539,5011.604,0.14486414,0.053253423,,100,1.6053189,5011.604,0.14812203,0.052850727
100,1.6047533,3981.2744,0.1531145,0.060575128,,100,1.605341,3981.2744,0.1552106,0.061876334
100,1.604755,3161.0117,0.15723543,0.068842694,,100,1.6053667,3161.0117,0.15995863,0.070029743
100,1.6047359,2510.8032,0.16275109,0.079830028,,100,1.6053917,2510.8032,0.1654278,0.083452724
100,1.6047471,1995.6388,0.16662188,0.093934029,,100,1.6054103,1995.6388,0.16970807,0.096511543
100,1.6047344,1585.5074,0.17185712,0.11263385,,100,1.6054275,1585.5074,0.17474955,0.11332253
100,1.6047328,1258.7913,0.17861204,0.13367906,,100,1.6054476,1258.7913,0.17986898,0.13582122
100,1.6047401,1000.3202,0.18163735,0.16002068,,100,1.605459,1000.3202,0.18687777,0.16263388
100,1.6047368,794.23785,0.18773687,0.19313195,,100,1.6054709,794.23785,0.19250619,0.1973408
100,1.6047323,631.00964,0.19301988,0.23754524,,100,1.605486,631.00964,0.19996126,0.23988588
100,1.6047359,501.44418,0.20125107,0.2891224,,100,1.605498,501.44418,0.20907666,0.29053512
100,1.6047313,398.08914,0.20797351,0.35716197,,100,1.6055163,398.08914,0.22002125,0.35838556
100,1.6047302,316.31589,0.22031942,0.43950924,,100,1.6055225,316.31589,0.23505671,0.44137338
100,1.6047282,251.04433,0.23539636,0.54566908,,100,1.6055419,251.04433,0.25580525,0.54501402
100,1.6047254,199.55299,0.25129747,0.67441529,,100,1.6055493,199.55299,0.28397924,0.67372108
100,1.6047126,158.42841,0.27890092,0.83676392,,100,1.6055539,158.42841,0.32632256,0.83171058
100,1.6046783,125.84567,0.31443036,1.0429168,,100,1.6055539,125.84567,0.39097866,1.0283124
100,1.604672,100.03201,0.36917639,1.2905344,,100,1.6055566,100.03201,0.48584867,1.2599335
100,1.6046262,79.415512,0.44962808,1.5964146,,100,1.6055554,79.415512,0.62500346,1.5356163
100,1.6046246,63.082298,0.56433535,1.9713234,,100,1.6055307,63.082298,0.82441562,1.8483087
100,1.6045722,50.144421,0.73576897,2.417239,,100,1.6055011,50.144421,1.1076159,2.1857345
100,1.6045009,39.808914,0.98831642,2.944468,,100,1.6054548,39.808914,1.4886426,2.5258837
100,1.6042864,31.629555,1.3493861,3.5478995,,100,1.605427,31.629555,1.9792951,2.8215408
100,1.6040616,25.104433,1.880208,4.1996684,,100,1.6053801,25.104433,2.561595,3.0283444
100,1.6036328,19.955299,2.610106,4.8447452,,100,1.6053537,19.955299,3.1860867,3.10624
100,1.6031445,15.857577,3.5708456,5.3677635,,100,1.60534,15.857577,3.798615,3.0569763
100,1.6025693,12.600809,4.712913,5.6473818,,100,1.6053362,12.600809,4.3499298,2.9084015
100,1.6020132,10.003201,5.9089704,5.6223569,,100,1.6053526,10.003201,4.8217707,2.7024951
100,1.6016092,7.9395323,7.0032434,5.2879295,,100,1.6054034,7.9395323,5.2140045,2.4734306
100,1.6012667,6.3105812,7.89605,4.7737436,,100,1.6054535,6.3105812,5.5316339,2.2537479
100,1.6010778,5.0080128,8.5641832,4.1734715,,100,1.6055199,5.0080128,5.7944932,2.0462372
100,1.6009527,3.9778516,9.045434,3.5917385,,100,1.6056756,3.9778516,6.0149736,1.8625046
100,1.600839,3.1629555,9.3503199,3.0610459,,100,1.6058062,3.1629555,6.1991286,1.7033105
100,1.6007888,2.5136747,9.5426893,2.6164281,,100,1.6059458,2.5136747,6.353745,1.567391
100,1.6008629,1.99553,9.6551285,2.2624342,,100,1.606076,1.99553,6.4839077,1.4532478
100,1.6010571,1.5853286,9.6964312,1.9944983,,100,1.6061076,1.5853286,6.5763025,1.3617946
100,1.6011018,1.2596742,9.6730146,1.7908397,,100,1.6063192,1.2596742,6.6490474,1.2876971
100,1.6014838,1.0000639,9.6063843,1.6623962,,100,1.6063529,1.0000639,6.7000418,1.2399242
100,1.6018646,0.79363066,9.4892473,1.5844244,,100,1.606542,0.79363066,6.7318439,1.2091293
100,1.6022217,0.63090527,9.2985516,1.5439429,,100,1.6067516,0.63090527,6.745934,1.1990061
100,1.6029954,0.50154078,9.0930462,1.5377941,,100,1.6067796,0.50154078,6.7709355,1.2144759
100,1.603822,0.39774463,8.8802042,1.5656296,,100,1.6068811,0.39774463,6.7765074,1.2388198
100,1.6044914,0.3161931,8.6605501,1.5940239,,100,1.6070954,0.3161931,6.7867332,1.2803322
100,1.6050575,0.25122195,8.4181032,1.6218363,,100,1.6073071,0.25122195,6.7895088,1.3325591
100,1.60567,0.19933917,8.1653471,1.6397592,,100,1.6074195,0.19933917,6.7957172,1.3887671
100,1.6063359,0.15860692,7.9231367,1.660681,,100,1.6074207,0.15860692,6.7815638,1.44469
100,1.6068875,0.12593903,7.6573443,1.6885889,,100,1.6074078,0.12593903,6.7141709,1.4844356
100,1.6072323,0.10007046,7.3201251,1.6998354,,100,1.6074687,0.10007046,6.6169162,1.5100591
