dataset,model,frequency_hz,z_real_ohm,z_imag_ohm,z_fit_real_ohm,z_fit_imag_ohm,res_real_ohm,res_imag_ohm,point_index,original_row,scan_index,source_file,used_in_fit
exampleData,randles_rc_w,0.0031623,0.0494998977640506,-0.020438698544418925,0.05066158883434907,-0.02027098326410508,-0.0011616910702984679,-0.0001677152803138439,0,0,1,exampleData.csv,1
exampleData,randles_rc_w,0.0039811,0.04776559257398882,-0.0182856893045487,0.04846222893372759,-0.018046753438430624,-0.000696636359738774,-0.0002389358661180757,1,1,1,exampleData.csv,1
exampleData,randles_rc_w,0.0050119,0.046135817571421565,-0.016343158966700824,0.046508844569315054,-0.01608353800903828,-0.0003730269978934886,-0.0002596209576625451,2,2,1,exampleData.csv,1
exampleData,randles_rc_w,0.0063096,0.044596836301773274,-0.014589168660649915,0.04476289431719748,-0.014341049868821098,-0.00016605801542420723,-0.00024811879182881635,3,3,1,exampleData.csv,1
exampleData,randles_rc_w,0.0079433,0.0431423038612392,-0.01300096361736358,0.04320361695741437,-0.012788530832344481,-6.131309617517233e-05,-0.00021243278501909858,4,4,1,exampleData.csv,1
exampleData,randles_rc_w,0.01,0.04181678802099761,-0.011573009182824043,0.04181328998747562,-0.011405070197768725,3.498033521988353e-06,-0.00016793898505531799,5,5,1,exampleData.csv,1
exampleData,randles_rc_w,0.012589,0.040606740929859095,-0.010282133623145189,0.04057394799788214,-0.010173361622567214,3.279293197695765e-05,-0.0001087720005779752,6,6,1,exampleData.csv,1
exampleData,randles_rc_w,0.015849,0.03951932383144551,-0.009113366697002839,0.039468609886056896,-0.009077000052242264,5.0713945388615456e-05,-3.6366644760574274e-05,7,7,1,exampleData.csv,1
exampleData,randles_rc_w,0.019953,0.03856629404354767,-0.00804494958277692,0.0384828638080225,-0.008101812217461691,8.34302355251712e-05,5.686263468477129e-05,8,8,1,exampleData.csv,1
exampleData,randles_rc_w,0.025119,0.03773445890891118,-0.007075702921918925,0.037603683844617916,-0.007235071493937305,0.0001307750642932648,0.0001593685720183806,9,9,1,exampleData.csv,1
exampleData,randles_rc_w,0.031623,0.037013908851197805,-0.006209940124316647,0.036819221589973805,-0.006465319418261079,0.0001946872612239997,0.0002553792939444322,10,10,1,exampleData.csv,1
exampleData,randles_rc_w,0.039811,0.03639992299924442,-0.005450664199993216,0.03611912158388298,-0.005782674657462365,0.0002808014153614369,0.00033201045746914914,11,11,1,exampleData.csv,1
exampleData,randles_rc_w,0.050119,0.035883179203561086,-0.004804611324614652,0.0354940746274884,-0.005178413862718907,0.00038910457607268384,0.00037380253810425507,12,12,1,exampleData.csv,1
exampleData,randles_rc_w,0.063096,0.03544780816944048,-0.0042630212172992624,0.03493575418244648,-0.0046449358621942615,0.0005120539869939988,0.00038191464489499907,13,13,1,exampleData.csv,1
exampleData,randles_rc_w,0.079433,0.03506693121253139,-0.003816723014957778,0.034436713191994345,-0.004175694137982033,0.0006302180205370461,0.0003589711230242549,14,14,1,exampleData.csv,1
exampleData,randles_rc_w,0.1,0.034721707243418394,-0.003465230467686932,0.03399026634471058,-0.0037651258678918424,0.0007314408987078164,0.00029989540020491055,15,15,1,exampleData.csv,1
exampleData,randles_rc_w,0.12589,0.03440366308110683,-0.0031936182833490197,0.03359042361423536,-0.003408641443878348,0.0008132394668714724,0.0002150231605293285,16,16,1,exampleData.csv,1
exampleData,randles_rc_w,0.15849,0.03410783765793668,-0.0029843274850640607,0.033231631908154896,-0.003102464516116087,0.0008762057497817832,0.00011813703105202633,17,17,1,exampleData.csv,1
exampleData,randles_rc_w,0.19953,0.033821109172144787,-0.0028420187384119175,0.03290900057698213,-0.0028439185001128777,0.000912108595162657,1.8997617009602029e-06,18,18,1,exampleData.csv,1
exampleData,randles_rc_w,0.25119,0.03353616639243526,-0.0027510821389620833,0.032617921386972656,-0.0026312047451604657,0.0009182450054626007,-0.00011987739380161762,19,19,1,exampleData.csv,1
exampleData,randles_rc_w,0.31623,0.0332524554516705,-0.0027092774650327093,0.03235394472427991,-0.002463473221698127,0.0008985107273905904,-0.00024580424333458216,20,20,1,exampleData.csv,1
exampleData,randles_rc_w,0.39811,0.03295910966053001,-0.0027164025855301414,0.03211277329374749,-0.002341007031545006,0.0008463363667825241,-0.00037539555398513526,21,21,1,exampleData.csv,1
exampleData,randles_rc_w,0.50119,0.03265642728210896,-0.0027688021541761596,0.03188994895452478,-0.0022652379629270847,0.000766478327584183,-0.0005035641912490749,22,22,1,exampleData.csv,1
exampleData,randles_rc_w,0.63096,0.03232796211965539,-0.0028687505233332576,0.03168057767872288,-0.0022388667424063026,0.0006473844409325136,-0.000629883780926955,23,23,1,exampleData.csv,1
exampleData,randles_rc_w,0.79433,0.03197349380289498,-0.002995332546857452,0.03147891149907331,-0.00226595391602007,0.0004945823038216696,-0.000729378630837382,24,24,1,exampleData.csv,1
exampleData,randles_rc_w,1.0,0.03158436174556338,-0.0031633863009665544,0.03127773654895746,-0.0023519439592722046,0.0003066251966059169,-0.0008114423416943498,25,25,1,exampleData.csv,1
exampleData,randles_rc_w,1.2589,0.031069936132208303,-0.0034345232421858604,0.03106752719418953,-0.0025035109604035263,2.4089380187726495e-06,-0.0009310122817823342,26,26,1,exampleData.csv,1
exampleData,randles_rc_w,1.5849,0.03046141985417733,-0.003652697342055591,0.030835164874543262,-0.002728146269322798,-0.0003737450203659329,-0.0009245510727327933,27,27,1,exampleData.csv,1
exampleData,randles_rc_w,1.9953,0.029900714166654168,-0.00389594513544332,0.03056261112941399,-0.003032822270099936,-0.0006618969627598219,-0.0008631228653433838,28,28,1,exampleData.csv,1
exampleData,randles_rc_w,2.5119,0.029379111339927506,-0.0041496368125138496,0.03022514602233805,-0.0034216946175918647,-0.0008460346824105437,-0.0007279421949219849,29,29,1,exampleData.csv,1
exampleData,randles_rc_w,3.1623,0.028614488514401064,-0.0043563647278047945,0.02979019662279016,-0.003891985164654335,-0.0011757081083890973,-0.00046437956315045943,30,30,1,exampleData.csv,1
exampleData,randles_rc_w,3.9811,0.027877380810968015,-0.004528514961203703,0.029218506592620045,-0.004427235395473705,-0.0013411257816520299,-0.00010127956572999856,31,31,1,exampleData.csv,1
exampleData,randles_rc_w,5.0119,0.027051941695755265,-0.004623972802104744,0.028469808750544834,-0.004989341898912163,-0.0014178670547895685,0.0003653690968074188,32,32,1,exampleData.csv,1
exampleData,randles_rc_w,6.3096,0.02622642987302172,-0.00463483440841946,0.0275162579079285,-0.005512683116235138,-0.0012898280349067787,0.0008778487078156781,33,33,1,exampleData.csv,1
exampleData,randles_rc_w,7.9433,0.02539677675995668,-0.004562544489738368,0.026362940334292394,-0.00590827553575366,-0.0009661635743357135,0.0013457310460152925,34,34,1,exampleData.csv,1
exampleData,randles_rc_w,10.0,0.024674033206038913,-0.004418384064925816,0.02506595171417256,-0.0060857388649732756,-0.0003919185081336478,0.00166735480004746,35,35,1,exampleData.csv,1
exampleData,randles_rc_w,12.589,0.023984220630662276,-0.004213943600562558,0.02373068528539479,-0.005989404699762511,0.0002535353452674874,0.0017754610991999528,36,36,1,exampleData.csv,1
exampleData,randles_rc_w,15.849,0.023376189861574193,-0.00397620055979716,0.02248014640436076,-0.005626518121551773,0.0008960434572134329,0.0016503175617546125,37,37,1,exampleData.csv,1
exampleData,randles_rc_w,19.953,0.022795788586331325,-0.0037290248504921663,0.021411880834269283,-0.005064478513337617,0.0013839077520620413,0.0013354536628454507,38,38,1,exampleData.csv,1
exampleData,randles_rc_w,25.119,0.022290491192888503,-0.0035578892246933775,0.02056996928988341,-0.004398623000850797,0.0017205219030050935,0.0008407337761574193,39,39,1,exampleData.csv,1
exampleData,randles_rc_w,31.623,0.02183347892172112,-0.0033509582749051622,0.01994810773951538,-0.0037160554406003,0.0018853711822057403,0.0003650971656951377,40,40,1,exampleData.csv,1
exampleData,randles_rc_w,39.811,0.021423948245372654,-0.0031826464281827804,0.01951083790759857,-0.0030767309636801545,0.0019131103377740856,-0.00010591546450262586,41,41,1,exampleData.csv,1
exampleData,randles_rc_w,50.119,0.021044983846558948,-0.0030507184111723995,0.019214017878510865,-0.002511804408671058,0.001830965968048083,-0.0005389140025013417,42,42,1,exampleData.csv,1
exampleData,randles_rc_w,63.096,0.02061274834162727,-0.002938692023982815,0.01901738858936293,-0.00203117338223574,0.0015953597522643387,-0.0009075186417470751,43,43,1,exampleData.csv,1
exampleData,randles_rc_w,79.433,0.02020959510042839,-0.002848034411523496,0.01888925695643523,-0.0016321835313499382,0.001320338143993162,-0.0012158508801735578,44,44,1,exampleData.csv,1
exampleData,randles_rc_w,100.0,0.019760492004316906,-0.0027583877127425357,0.018806667610541748,-0.001306175065145054,0.0009538243937751573,-0.0014522126475974818,45,45,1,exampleData.csv,1
exampleData,randles_rc_w,125.89,0.019397188854563815,-0.0026767011351060705,0.018753817102919474,-0.0010425162828117472,0.0006433717516443407,-0.0016341848522943233,46,46,1,exampleData.csv,1
exampleData,randles_rc_w,158.49,0.01898347057349932,-0.002575856490231119,0.018720146958211593,-0.0008306144627396476,0.00026332361528772635,-0.001745242027491471,47,47,1,exampleData.csv,1
exampleData,randles_rc_w,199.53,0.018562859805406062,-0.002455805016755156,0.018698767847079707,-0.0006610617913242498,-0.00013590804167364426,-0.0017947432254309063,48,48,1,exampleData.csv,1
exampleData,randles_rc_w,251.19,0.01817394883861396,-0.0023163152672671405,0.018685220823550678,-0.0005257638064523229,-0.0005112719849367196,-0.0017905514608148175,49,49,1,exampleData.csv,1
exampleData,randles_rc_w,316.23,0.017777098024495532,-0.0021494988087570974,0.018676646237760348,-0.0004179623312657534,-0.0008995482132648155,-0.001731536477491344,50,50,1,exampleData.csv,1
exampleData,randles_rc_w,398.11,0.017382944047369668,-0.0019492643145405137,0.018671224179347606,-0.00033216915198627296,-0.0012882801319779383,-0.0016170951625542407,51,51,1,exampleData.csv,1
exampleData,randles_rc_w,501.19,0.017027408256891644,-0.0017151675874650793,0.01866779759191226,-0.0002639382203647759,-0.0016403893350206145,-0.0014512293671003033,52,52,1,exampleData.csv,1
exampleData,randles_rc_w,630.96,0.016664493440403796,-0.0014357936694323731,0.018665632927684677,-0.00020969790394555218,-0.0020011394872808813,-0.001226095765486821,53,53,1,exampleData.csv,1
exampleData,randles_rc_w,794.33,0.016338702344109557,-0.0011094383687941948,0.018664265835209602,-0.0001665917628550055,-0.0023255634911000453,-0.0009428466059391892,54,54,1,exampleData.csv,1
exampleData,randles_rc_w,1000.0,0.0160611742499297,-0.0007287022309982213,0.0186634026142107,-0.0001323403094743332,-0.0026022283642809993,-0.0005963619215238881,55,55,1,exampleData.csv,1
exampleData,randles_rc_w,1258.9,0.01580888106340524,-0.0002827724289657194,0.01866285766135125,-0.00010512963601084581,-0.00285397659794601,-0.00017764279295487357,56,56,1,exampleData.csv,1
exampleData,randles_rc_w,1584.9,0.015584763288620133,0.00024224721030238663,0.018662513581477722,-8.350840240777338e-05,-0.0030777502928575895,0.00032575561271016,57,57,1,exampleData.csv,0
exampleData,randles_rc_w,1995.3,0.015355525008021014,0.0008560734952241664,0.018662296408688626,-6.633365859644957e-05,-0.003306771400667612,0.000922407153820616,58,58,1,exampleData.csv,0
exampleData,randles_rc_w,2511.9,0.0151995284094296,0.0015811469785105114,0.01866215935009844,-5.269220321946909e-05,-0.003462630940668841,0.0016338391817299805,59,59,1,exampleData.csv,0
exampleData,randles_rc_w,3162.3,0.015171093447136085,0.002452846099159856,0.01866207283852383,-4.185524507488516e-05,-0.0034909793913877434,0.002494701344234741,60,60,1,exampleData.csv,0
exampleData,randles_rc_w,3981.1,0.0151260119032158,0.003488131035300228,0.018662018239286145,-3.324701342978687e-05,-0.0035360063360703447,0.0035213780487300147,61,61,1,exampleData.csv,0
exampleData,randles_rc_w,5011.9,0.015086882844244283,0.004712940823286973,0.01866198378162986,-2.640919325976114e-05,-0.0035751009373855783,0.004739350016546734,62,62,1,exampleData.csv,0
exampleData,randles_rc_w,6309.6,0.015276246310902308,0.006239444322658155,0.018661962035759184,-2.0977652455787815e-05,-0.003385715724856877,0.006260421975113942,63,63,1,exampleData.csv,0
exampleData,randles_rc_w,7943.3,0.015467639396989145,0.008031686651315248,0.018661948312550847,-1.666320450277946e-05,-0.0031943089155617027,0.008048349855818027,64,64,1,exampleData.csv,0
exampleData,randles_rc_w,10000.0,0.015771482660485933,0.010157474564938236,0.018661939652376596,-1.3236098791332848e-05,-0.002890456991890663,0.010170710663729569,65,65,1,exampleData.csv,0
exampleData,randles_cpe_w,0.0031623,0.0494998977640506,-0.020438698544418925,0.050759489859549596,-0.019385242677975742,-0.0012595920954989945,-0.0010534558664431828,0,0,1,exampleData.csv,1
exampleData,randles_cpe_w,0.0039811,0.04776559257398882,-0.0182856893045487,0.04863021368281104,-0.01726536780657403,-0.000864621108822225,-0.0010203214979746696,1,1,1,exampleData.csv,1
exampleData,randles_cpe_w,0.0050119,0.046135817571421565,-0.016343158966700824,0.046759231504625326,-0.015394268043959701,-0.0006234139332037605,-0.0009488909227411222,2,2,1,exampleData.csv,1
exampleData,randles_cpe_w,0.0063096,0.044596836301773274,-0.014589168660649915,0.04509166163720513,-0.013744197801032235,-0.0004948253354318533,-0.0008449708596176796,3,3,1,exampleData.csv,1
exampleData,randles_cpe_w,0.0079433,0.0431423038612392,-0.01300096361736358,0.043598176041059394,-0.012281204826269584,-0.00045587217982019645,-0.000719758791093995,4,4,1,exampleData.csv,1
exampleData,randles_cpe_w,0.01,0.04181678802099761,-0.011573009182824043,0.04226174837955732,-0.010980831531923592,-0.0004449603585597109,-0.0005921776509004509,5,5,1,exampleData.csv,1
exampleData,randles_cpe_w,0.012589,0.040606740929859095,-0.010282133623145189,0.041066765414926154,-0.009826166075717194,-0.0004600244850670593,-0.0004559675474279951,6,6,1,exampleData.csv,1
exampleData,randles_cpe_w,0.015849,0.03951932383144551,-0.009113366697002839,0.03999711189324619,-0.008802286206351238,-0.0004777880618006755,-0.000311080490651601,7,7,1,exampleData.csv,1
exampleData,randles_cpe_w,0.019953,0.03856629404354767,-0.00804494958277692,0.039038637944399754,-0.007895985775688648,-0.0004723439008520805,-0.00014896380708827144,8,8,1,exampleData.csv,1
exampleData,randles_cpe_w,0.025119,0.03773445890891118,-0.007075702921918925,0.03817857851723423,-0.007095317605914311,-0.0004441196083230514,1.9614683995386635e-05,9,9,1,exampleData.csv,1
exampleData,randles_cpe_w,0.031623,0.037013908851197805,-0.006209940124316647,0.03740525277086644,-0.006389580479206923,-0.00039134391966863524,0.00017964035489027603,10,10,1,exampleData.csv,1
exampleData,randles_cpe_w,0.039811,0.03639992299924442,-0.005450664199993216,0.03670833460175382,-0.005769562705820693,-0.00030841160250940497,0.00031889850582747774,11,11,1,exampleData.csv,1
exampleData,randles_cpe_w,0.050119,0.035883179203561086,-0.004804611324614652,0.036078417005789606,-0.0052271326388201944,-0.0001952378022285206,0.00042252131420554215,12,12,1,exampleData.csv,1
exampleData,randles_cpe_w,0.063096,0.03544780816944048,-0.0042630212172992624,0.03550694179534996,-0.00475518450493635,-5.91336259094799e-05,0.0004921632876370872,13,13,1,exampleData.csv,1
exampleData,randles_cpe_w,0.079433,0.03506693121253139,-0.003816723014957778,0.03498609058749079,-0.0043475461665276145,8.08406250406013e-05,0.0005308231515698367,14,14,1,exampleData.csv,1
exampleData,randles_cpe_w,0.1,0.034721707243418394,-0.003465230467686932,0.03450866080137441,-0.003998875483508108,0.0002130464420439862,0.0005336450158211765,15,15,1,exampleData.csv,1
exampleData,randles_cpe_w,0.12589,0.03440366308110683,-0.0031936182833490197,0.03406799784551923,-0.0037045974367122896,0.00033566523558760386,0.00051097915336327,16,16,1,exampleData.csv,1
exampleData,randles_cpe_w,0.15849,0.03410783765793668,-0.0029843274850640607,0.0336577153176422,-0.003460706959488638,0.00045012234029447734,0.0004763794744245772,17,17,1,exampleData.csv,1
exampleData,randles_cpe_w,0.19953,0.033821109172144787,-0.0028420187384119175,0.033271965724593275,-0.003263917116537283,0.0005491434475515117,0.00042189837812536563,18,18,1,exampleData.csv,1
exampleData,randles_cpe_w,0.25119,0.03353616639243526,-0.0027510821389620833,0.032905056343276604,-0.0031113688023340826,0.0006311100491586535,0.0003602866633719993,19,19,1,exampleData.csv,1
exampleData,randles_cpe_w,0.31623,0.0332524554516705,-0.0027092774650327093,0.03255135033207985,-0.0030005666401047865,0.0007011051195906504,0.0002912891750720772,20,20,1,exampleData.csv,1
exampleData,randles_cpe_w,0.39811,0.03295910966053001,-0.0027164025855301414,0.03220538390935702,-0.002929356169476349,0.0007537257511729956,0.00021295358394620746,21,21,1,exampleData.csv,1
exampleData,randles_cpe_w,0.50119,0.03265642728210896,-0.0027688021541761596,0.03186167737122998,-0.0028957489398162214,0.0007947499108789807,0.00012694678564006186,22,22,1,exampleData.csv,1
exampleData,randles_cpe_w,0.63096,0.03232796211965539,-0.0028687505233332576,0.03151471070632319,-0.0028977980242013385,0.0008132514133322027,2.904750086808088e-05,23,23,1,exampleData.csv,1
exampleData,randles_cpe_w,0.79433,0.03197349380289498,-0.002995332546857452,0.031158905192266953,-0.002933438768614295,0.0008145886106280253,-6.189377824315691e-05,24,24,1,exampleData.csv,1
exampleData,randles_cpe_w,1.0,0.03158436174556338,-0.0031633863009665544,0.030788625413338464,-0.0030003055785764237,0.000795736332224916,-0.0001630807223901307,25,25,1,exampleData.csv,1
exampleData,randles_cpe_w,1.2589,0.031069936132208303,-0.0034345232421858604,0.030398268575962735,-0.003095520878096432,0.0006716675562455678,-0.00033900236408942845,26,26,1,exampleData.csv,1
exampleData,randles_cpe_w,1.5849,0.03046141985417733,-0.003652697342055591,0.029982209492773748,-0.0032155285300734765,0.0004792103614035814,-0.0004371688119821147,27,27,1,exampleData.csv,1
exampleData,randles_cpe_w,1.9953,0.029900714166654168,-0.00389594513544332,0.029535340325549272,-0.0033557946241308065,0.00036537384110489624,-0.0005401505113125133,28,28,1,exampleData.csv,1
exampleData,randles_cpe_w,2.5119,0.029379111339927506,-0.0041496368125138496,0.02905310455204632,-0.0035106988805065228,0.0003260067878811841,-0.0006389379320073268,29,29,1,exampleData.csv,1
exampleData,randles_cpe_w,3.1623,0.028614488514401064,-0.0043563647278047945,0.028531790109267208,-0.0036734770906653815,8.269840513385612e-05,-0.0006828876371394129,30,30,1,exampleData.csv,1
exampleData,randles_cpe_w,3.9811,0.027877380810968015,-0.004528514961203703,0.02796922920315406,-0.003836169319459436,-9.184839218604607e-05,-0.0006923456417442676,31,31,1,exampleData.csv,1
exampleData,randles_cpe_w,5.0119,0.027051941695755265,-0.004623972802104744,0.02736511945715963,-0.003989874471085946,-0.00031317776140436446,-0.0006340983310187979,32,32,1,exampleData.csv,1
exampleData,randles_cpe_w,6.3096,0.02622642987302172,-0.00463483440841946,0.026721486532077024,-0.004125152082702597,-0.000495056659055304,-0.0005096823257168624,33,33,1,exampleData.csv,1
exampleData,randles_cpe_w,7.9433,0.02539677675995668,-0.004562544489738368,0.026042993396519547,-0.004232638518530275,-0.0006462166365628665,-0.00032990597120809324,34,34,1,exampleData.csv,1
exampleData,randles_cpe_w,10.0,0.024674033206038913,-0.004418384064925816,0.025336985385715778,-0.004303828006565288,-0.000662952179676865,-0.00011455605836052738,35,35,1,exampleData.csv,1
exampleData,randles_cpe_w,12.589,0.023984220630662276,-0.004213943600562558,0.024613288954483285,-0.004331903977630224,-0.0006290683238210082,0.00011796037706766557,36,36,1,exampleData.csv,1
exampleData,randles_cpe_w,15.849,0.023376189861574193,-0.00397620055979716,0.023883296469709717,-0.0043124807371008825,-0.0005071066081355248,0.0003362801773037225,37,37,1,exampleData.csv,1
exampleData,randles_cpe_w,19.953,0.022795788586331325,-0.0037290248504921663,0.023159704386324878,-0.004244094871521126,-0.0003639157999935534,0.0005150700210289592,38,38,1,exampleData.csv,1
exampleData,randles_cpe_w,25.119,0.022290491192888503,-0.0035578892246933775,0.02245498085330329,-0.004128374331692316,-0.00016448966041478566,0.0005704851069989383,39,39,1,exampleData.csv,1
exampleData,randles_cpe_w,31.623,0.02183347892172112,-0.0033509582749051622,0.021780276560616114,-0.003969725512949812,5.320236110500573e-05,0.0006187672380446501,40,40,1,exampleData.csv,1
exampleData,randles_cpe_w,39.811,0.021423948245372654,-0.0031826464281827804,0.021144975797262842,-0.0037748030557251885,0.000278972448109812,0.0005921566275424082,41,41,1,exampleData.csv,1
exampleData,randles_cpe_w,50.119,0.021044983846558948,-0.0030507184111723995,0.02055594486756388,-0.0035516768264531903,0.0004890389789950662,0.0005009584152807908,42,42,1,exampleData.csv,1
exampleData,randles_cpe_w,63.096,0.02061274834162727,-0.002938692023982815,0.02001741418293012,-0.0033089828390041433,0.0005953341586971486,0.0003702908150213283,43,43,1,exampleData.csv,1
exampleData,randles_cpe_w,79.433,0.02020959510042839,-0.002848034411523496,0.019531132524185785,-0.003055161481682543,0.0006784625762426069,0.00020712707015904707,44,44,1,exampleData.csv,1
exampleData,randles_cpe_w,100.0,0.019760492004316906,-0.0027583877127425357,0.019096718235823287,-0.0027978660015796374,0.0006637737684936189,3.9478288837101715e-05,45,45,1,exampleData.csv,1
exampleData,randles_cpe_w,125.89,0.019397188854563815,-0.0026767011351060705,0.018712168178066525,-0.0025436116574013273,0.0006850206764972902,-0.00013308947770474325,46,46,1,exampleData.csv,1
exampleData,randles_cpe_w,158.49,0.01898347057349932,-0.002575856490231119,0.018374203681513514,-0.002297500712681722,0.0006092668919858053,-0.0002783557775493969,47,47,1,exampleData.csv,1
exampleData,randles_cpe_w,199.53,0.018562859805406062,-0.002455805016755156,0.018079035629017907,-0.0020634337629331684,0.00048382417638815484,-0.0003923712538219876,48,48,1,exampleData.csv,1
exampleData,randles_cpe_w,251.19,0.01817394883861396,-0.0023163152672671405,0.017822475596042702,-0.001844043100551573,0.0003514732425712562,-0.0004722721667155675,49,49,1,exampleData.csv,1
exampleData,randles_cpe_w,316.23,0.017777098024495532,-0.0021494988087570974,0.017600231341442223,-0.0016408513263619163,0.00017686668305330958,-0.0005086474823951812,50,50,1,exampleData.csv,1
exampleData,randles_cpe_w,398.11,0.017382944047369668,-0.0019492643145405137,0.01740823697919465,-0.0014545838754296738,-2.5292931824981435e-05,-0.0004946804391108399,51,51,1,exampleData.csv,1
exampleData,randles_cpe_w,501.19,0.017027408256891644,-0.0017151675874650793,0.0172426844387777,-0.0012852875274927502,-0.00021527618188605518,-0.0004298800599723291,52,52,1,exampleData.csv,1
exampleData,randles_cpe_w,630.96,0.016664493440403796,-0.0014357936694323731,0.017100107524045817,-0.0011325211445418206,-0.0004356140836420212,-0.0003032725248905525,53,53,1,exampleData.csv,1
exampleData,randles_cpe_w,794.33,0.016338702344109557,-0.0011094383687941948,0.016977409371829986,-0.000995508274405478,-0.0006387070277204289,-0.00011393009438871683,54,54,1,exampleData.csv,1
exampleData,randles_cpe_w,1000.0,0.0160611742499297,-0.0007287022309982213,0.016871856503097526,-0.0008732551620828872,-0.000810682253167827,0.0001445529310846659,55,55,1,exampleData.csv,1
exampleData,randles_cpe_w,1258.9,0.01580888106340524,-0.0002827724289657194,0.01678106678818036,-0.0007646542347346435,-0.0009721857247751188,0.00048188180576892416,56,56,1,exampleData.csv,1
exampleData,randles_cpe_w,1584.9,0.015584763288620133,0.00024224721030238663,0.016702944962826732,-0.0006685116100160624,-0.0011181816742065996,0.000910758820318449,57,57,1,exampleData.csv,0
exampleData,randles_cpe_w,1995.3,0.015355525008021014,0.0008560734952241664,0.016635722207107958,-0.0005836861850085215,-0.0012801971990869434,0.001439759680232688,58,58,1,exampleData.csv,0
exampleData,randles_cpe_w,2511.9,0.0151995284094296,0.0015811469785105114,0.01657786098178145,-0.0005090509221506951,-0.0013783325723518512,0.0020901979006612064,59,59,1,exampleData.csv,0
exampleData,randles_cpe_w,3162.3,0.015171093447136085,0.002452846099159856,0.01652802735581263,-0.0004435187673053962,-0.0013569339086765449,0.002896364866465252,60,60,1,exampleData.csv,0
exampleData,randles_cpe_w,3981.1,0.0151260119032158,0.003488131035300228,0.016485091995311243,-0.00038609583363540895,-0.0013590800920954427,0.0038742268689356367,61,61,1,exampleData.csv,0
exampleData,randles_cpe_w,5011.9,0.015086882844244283,0.004712940823286973,0.016448083464908905,-0.0003358623723024091,-0.001361200620664622,0.0050488031955893825,62,62,1,exampleData.csv,0
exampleData,randles_cpe_w,6309.6,0.015276246310902308,0.006239444322658155,0.01641616941137212,-0.00029198051528511645,-0.001139923100469814,0.006531424837943271,63,63,1,exampleData.csv,0
exampleData,randles_cpe_w,7943.3,0.015467639396989145,0.008031686651315248,0.016388637166570276,-0.0002536941693813414,-0.0009209977695811312,0.008285380820696589,64,64,1,exampleData.csv,0
exampleData,randles_cpe_w,10000.0,0.015771482660485933,0.010157474564938236,0.016364875743700966,-0.0002203248134361328,-0.0005933930832150332,0.01037779937837437,65,65,1,exampleData.csv,0
exampleData,two_rc_w_fixed_r0,0.0031623,0.0494998977640506,-0.020438698544418925,0.05066639422893805,-0.020001549359749907,-0.001166496464887451,-0.00043714918466901745,0,0,1,exampleData.csv,1
exampleData,two_rc_w_fixed_r0,0.0039811,0.04776559257398882,-0.0182856893045487,0.04848915137880248,-0.01779960265617215,-0.0007235588048136593,-0.0004860866483765505,1,1,1,exampleData.csv,1
exampleData,two_rc_w_fixed_r0,0.0050119,0.046135817571421565,-0.016343158966700824,0.046563579943802905,-0.015857048465866847,-0.00042776237238133924,-0.0004861105008339764,2,2,1,exampleData.csv,1
exampleData,two_rc_w_fixed_r0,0.0063096,0.044596836301773274,-0.014589168660649915,0.04484439626087638,-0.014136109435718799,-0.00024755995910310385,-0.00045305922493111585,3,3,1,exampleData.csv,1
exampleData,two_rc_w_fixed_r0,0.0079433,0.0431423038612392,-0.01300096361736358,0.0433084826390167,-0.012603881897483168,-0.00016617877777750506,-0.000397081719880411,4,4,1,exampleData.csv,1
exampleData,two_rc_w_fixed_r0,0.01,0.04181678802099761,-0.011573009182824043,0.04193892018388472,-0.011238262440478555,-0.00012213216288711054,-0.0003347467423454875,5,5,1,exampleData.csv,1
exampleData,two_rc_w_fixed_r0,0.012589,0.040606740929859095,-0.010282133623145189,0.04071860634189232,-0.010022243578372354,-0.0001118654120332227,-0.0002598900447728352,6,6,1,exampleData.csv,1
exampleData,two_rc_w_fixed_r0,0.015849,0.03951932383144551,-0.009113366697002839,0.039630842137592326,-0.008939881262296343,-0.00011151830614681418,-0.00017348543470649576,7,7,1,exampleData.csv,1
exampleData,two_rc_w_fixed_r0,0.019953,0.03856629404354767,-0.00804494958277692,0.03866139370208674,-0.007977272258319665,-9.509965853906482e-05,-6.767732445725483e-05,8,8,1,exampleData.csv,1
exampleData,two_rc_w_fixed_r0,0.025119,0.03773445890891118,-0.007075702921918925,0.037797447140287016,-0.007121947349651759,-6.298823137583509e-05,4.624442773283437e-05,9,9,1,exampleData.csv,1
exampleData,two_rc_w_fixed_r0,0.031623,0.037013908851197805,-0.006209940124316647,0.03702735514339603,-0.00636273094936402,-1.3446292198224241e-05,0.00015279082504737317,10,10,1,exampleData.csv,1
exampleData,two_rc_w_fixed_r0,0.039811,0.03639992299924442,-0.005450664199993216,0.036340941930644466,-0.005690043044469823,5.8981068599951725e-05,0.00023937884447660773,11,11,1,exampleData.csv,1
exampleData,two_rc_w_fixed_r0,0.050119,0.035883179203561086,-0.004804611324614652,0.03572906375264625,-0.005095497141641769,0.00015411545091483653,0.0002908858170271164,12,12,1,exampleData.csv,1
exampleData,two_rc_w_fixed_r0,0.063096,0.03544780816944048,-0.0042630212172992624,0.03518354209894059,-0.004571879467352103,0.00026426607049988976,0.0003088582500528408,13,13,1,exampleData.csv,1
exampleData,two_rc_w_fixed_r0,0.079433,0.03506693121253139,-0.003816723014957778,0.034697055502566326,-0.004113100269144995,0.0003698757099650646,0.0002963772541872173,14,14,1,exampleData.csv,1
exampleData,two_rc_w_fixed_r0,0.1,0.034721707243418394,-0.003465230467686932,0.03426301288021727,-0.0037141463702415954,0.0004586943632011245,0.00024891590255466355,15,15,1,exampleData.csv,1
exampleData,two_rc_w_fixed_r0,0.12589,0.03440366308110683,-0.0031936182833490197,0.03387546984875404,-0.0033710979174131936,0.000528193232352793,0.0001774796340641739,16,16,1,exampleData.csv,1
exampleData,two_rc_w_fixed_r0,0.15849,0.03410783765793668,-0.0029843274850640607,0.03352884829495266,-0.003081008952980238,0.0005789893629840198,9.66814679161771e-05,17,17,1,exampleData.csv,1
exampleData,two_rc_w_fixed_r0,0.19953,0.033821109172144787,-0.0028420187384119175,0.033218106395369845,-0.0028422214429095843,0.0006030027767749413,2.0270449766672874e-07,18,18,1,exampleData.csv,1
exampleData,two_rc_w_fixed_r0,0.25119,0.03353616639243526,-0.0027510821389620833,0.03293829423206572,-0.0026541948350044284,0.0005978721603695364,-9.688730395765498e-05,19,19,1,exampleData.csv,1
exampleData,two_rc_w_fixed_r0,0.31623,0.0332524554516705,-0.0027092774650327093,0.03268431511997565,-0.002517624999063675,0.0005681403316948469,-0.00019165246596903425,20,20,1,exampleData.csv,1
exampleData,two_rc_w_fixed_r0,0.39811,0.03295910966053001,-0.0027164025855301414,0.0324507316441532,-0.0024346429626050455,0.0005083780163768134,-0.00028175962292509597,21,21,1,exampleData.csv,1
exampleData,two_rc_w_fixed_r0,0.50119,0.03265642728210896,-0.0027688021541761596,0.032231177625191273,-0.002408819765124505,0.00042524965691768946,-0.0003599823890516546,22,22,1,exampleData.csv,1
exampleData,two_rc_w_fixed_r0,0.63096,0.03232796211965539,-0.0028687505233332576,0.032017667972831815,-0.0024451618069616437,0.00031029414682357676,-0.00042358871637161385,23,23,1,exampleData.csv,1
exampleData,two_rc_w_fixed_r0,0.79433,0.03197349380289498,-0.002995332546857452,0.03179959774121815,-0.002549853934030806,0.00017389606167683008,-0.0004454786128266458,24,24,1,exampleData.csv,1
exampleData,two_rc_w_fixed_r0,1.0,0.03158436174556338,-0.0031633863009665544,0.031562389837698705,-0.00272950455432299,2.19719078646749e-05,-0.00043388174664356436,25,25,1,exampleData.csv,1
exampleData,two_rc_w_fixed_r0,1.2589,0.031069936132208303,-0.0034345232421858604,0.03128591296791502,-0.0029894292981962477,-0.0002159768357067153,-0.00044509394398961274,26,26,1,exampleData.csv,1
exampleData,two_rc_w_fixed_r0,1.5849,0.03046141985417733,-0.003652697342055591,0.030942925465216597,-0.003330520275140316,-0.0004815056110392679,-0.0003221770669152753,27,27,1,exampleData.csv,1
exampleData,two_rc_w_fixed_r0,1.9953,0.029900714166654168,-0.00389594513544332,0.030499288968964693,-0.003743549687154825,-0.0005985748023105246,-0.00015239544828849491,28,28,1,exampleData.csv,1
exampleData,two_rc_w_fixed_r0,2.5119,0.029379111339927506,-0.0041496368125138496,0.02991749994696377,-0.004201929443985592,-0.0005383886070362658,5.229263147174274e-05,29,29,1,exampleData.csv,1
exampleData,two_rc_w_fixed_r0,3.1623,0.028614488514401064,-0.0043563647278047945,0.029166944454634188,-0.004655164784917826,-0.0005524559402331243,0.0002988000571130314,30,30,1,exampleData.csv,1
exampleData,two_rc_w_fixed_r0,3.9811,0.027877380810968015,-0.004528514961203703,0.02824211514914476,-0.005029440965253057,-0.0003647343381767455,0.0005009260040493534,31,31,1,exampleData.csv,1
exampleData,two_rc_w_fixed_r0,5.0119,0.027051941695755265,-0.004623972802104744,0.027180843675249693,-0.005244403221397156,-0.00012890197949442725,0.0006204304192924115,32,32,1,exampleData.csv,1
exampleData,two_rc_w_fixed_r0,6.3096,0.02622642987302172,-0.00463483440841946,0.02606705974940954,-0.005245001642265088,0.00015937012361217848,0.0006101672338456286,33,33,1,exampleData.csv,1
exampleData,two_rc_w_fixed_r0,7.9433,0.02539677675995668,-0.004562544489738368,0.02500620029153895,-0.005030080590716377,0.0003905764684177318,0.0004675361009780091,34,34,1,exampleData.csv,1
exampleData,two_rc_w_fixed_r0,10.0,0.024674033206038913,-0.004418384064925816,0.0240851533302354,-0.00465396216235533,0.0005888798758035135,0.00023557809742951429,35,35,1,exampleData.csv,1
exampleData,two_rc_w_fixed_r0,12.589,0.023984220630662276,-0.004213943600562558,0.023345279224553553,-0.004199666543369498,0.0006389414061087235,-1.4277057193060223e-05,36,36,1,exampleData.csv,1
exampleData,two_rc_w_fixed_r0,15.849,0.023376189861574193,-0.00397620055979716,0.022782372435429844,-0.003746224334771493,0.0005938174261443489,-0.00022997622502566716,37,37,1,exampleData.csv,1
exampleData,two_rc_w_fixed_r0,19.953,0.022795788586331325,-0.0037290248504921663,0.02236452962986241,-0.0033508243169446646,0.0004312589564689148,-0.00037820053354750173,38,38,1,exampleData.csv,1
exampleData,two_rc_w_fixed_r0,25.119,0.022290491192888503,-0.0035578892246933775,0.02204942779702762,-0.003046329573780885,0.00024106339586088196,-0.0005115596509124923,39,39,1,exampleData.csv,1
exampleData,two_rc_w_fixed_r0,31.623,0.02183347892172112,-0.0033509582749051622,0.021794713087061296,-0.0028470654967959366,3.876583465982353e-05,-0.0005038927781092256,40,40,1,exampleData.csv,1
exampleData,two_rc_w_fixed_r0,39.811,0.021423948245372654,-0.0031826464281827804,0.0215613410472663,-0.0027552474981980463,-0.0001373928018936453,-0.00042739892998473403,41,41,1,exampleData.csv,1
exampleData,two_rc_w_fixed_r0,50.119,0.021044983846558948,-0.0030507184111723995,0.021312896888806443,-0.0027641677052842426,-0.00026791304224749526,-0.00028655070588815695,42,42,1,exampleData.csv,1
exampleData,two_rc_w_fixed_r0,63.096,0.02061274834162727,-0.002938692023982815,0.02101465733642329,-0.0028578845716734315,-0.00040190899479602277,-8.080745230938354e-05,43,43,1,exampleData.csv,1
exampleData,two_rc_w_fixed_r0,79.433,0.02020959510042839,-0.002848034411523496,0.0206351638394325,-0.0030082091952203056,-0.0004255687390041091,0.0001601747836968096,44,44,1,exampleData.csv,1
exampleData,two_rc_w_fixed_r0,100.0,0.019760492004316906,-0.0027583877127425357,0.020152629041254484,-0.003171910478455438,-0.00039213703693757873,0.0004135227657129023,45,45,1,exampleData.csv,1
exampleData,two_rc_w_fixed_r0,125.89,0.019397188854563815,-0.0026767011351060705,0.01956602357511682,-0.0032933868822419775,-0.0001688347205530058,0.000616685747135907,46,46,1,exampleData.csv,1
exampleData,two_rc_w_fixed_r0,158.49,0.01898347057349932,-0.002575856490231119,0.018904474431130965,-0.003317800614542154,7.899614236835453e-05,0.000741944124311035,47,47,1,exampleData.csv,1
exampleData,two_rc_w_fixed_r0,199.53,0.018562859805406062,-0.002455805016755156,0.018225363302481624,-0.0032119050253942203,0.00033749650292443784,0.0007561000086390643,48,48,1,exampleData.csv,1
exampleData,two_rc_w_fixed_r0,251.19,0.01817394883861396,-0.0023163152672671405,0.017594583144523133,-0.002979126102707143,0.0005793656940908248,0.0006628108354400026,49,49,1,exampleData.csv,1
exampleData,two_rc_w_fixed_r0,316.23,0.017777098024495532,-0.0021494988087570974,0.017061420710500555,-0.0026554000867123526,0.0007156773139949772,0.0005059012779552552,50,50,1,exampleData.csv,1
exampleData,two_rc_w_fixed_r0,398.11,0.017382944047369668,-0.0019492643145405137,0.016645707348704724,-0.0022898559690654433,0.0007372366986649441,0.0003405916545249296,51,51,1,exampleData.csv,1
exampleData,two_rc_w_fixed_r0,501.19,0.017027408256891644,-0.0017151675874650793,0.016341347691884327,-0.0019254872872158536,0.0006860605650073175,0.0002103196997507743,52,52,1,exampleData.csv,1
exampleData,two_rc_w_fixed_r0,630.96,0.016664493440403796,-0.0014357936694323731,0.016128434998394902,-0.0015902230640758182,0.0005360584420088937,0.00015442939464344507,53,53,1,exampleData.csv,1
exampleData,two_rc_w_fixed_r0,794.33,0.016338702344109557,-0.0011094383687941948,0.015983994920096493,-0.0012973667326968358,0.0003547074240130635,0.00018792836390264106,54,54,1,exampleData.csv,1
exampleData,two_rc_w_fixed_r0,1000.0,0.0160611742499297,-0.0007287022309982213,0.01588784748372862,-0.0010500077845281308,0.0001733267662010797,0.00032130555352990944,55,55,1,exampleData.csv,1
exampleData,two_rc_w_fixed_r0,1258.9,0.01580888106340524,-0.0002827724289657194,0.0158244875310272,-0.0008455434181585689,-1.5606467621959857e-05,0.0005627709891928496,56,56,1,exampleData.csv,1
exampleData,two_rc_w_fixed_r0,1584.9,0.015584763288620133,0.00024224721030238663,0.015782850685904966,-0.000678786303139904,-0.00019808739728483307,0.0009210335134422907,57,57,1,exampleData.csv,0
exampleData,two_rc_w_fixed_r0,1995.3,0.015355525008021014,0.0008560734952241664,0.015755423247229908,-0.0005439795697852275,-0.00039989823920889324,0.0014000530650093938,58,58,1,exampleData.csv,0
exampleData,two_rc_w_fixed_r0,2511.9,0.0151995284094296,0.0015811469785105114,0.01573721584583151,-0.0004355865522970029,-0.0005376874364019114,0.0020167335308075144,59,59,1,exampleData.csv,0
exampleData,two_rc_w_fixed_r0,3162.3,0.015171093447136085,0.002452846099159856,0.015724973102616092,-0.00034869563479279157,-0.0005538796554800073,0.0028015417339526476,60,60,1,exampleData.csv,0
exampleData,two_rc_w_fixed_r0,3981.1,0.0151260119032158,0.003488131035300228,0.015716597666459522,-0.00027917793345741057,-0.0005905857632437211,0.0037673089687576384,61,61,1,exampleData.csv,0
exampleData,two_rc_w_fixed_r0,5011.9,0.015086882844244283,0.004712940823286973,0.015710741477640077,-0.00022361610162776978,-0.0006238586333957939,0.004936556924914743,62,62,1,exampleData.csv,0
exampleData,two_rc_w_fixed_r0,6309.6,0.015276246310902308,0.006239444322658155,0.015706540307098605,-0.00017922789149231463,-0.0004302939961962973,0.006418672214150469,63,63,1,exampleData.csv,0
exampleData,two_rc_w_fixed_r0,7943.3,0.015467639396989145,0.008031686651315248,0.0157034397813139,-0.00014376877704812323,-0.00023580038432475386,0.00817545542836337,64,64,1,exampleData.csv,0
exampleData,two_rc_w_fixed_r0,10000.0,0.015771482660485933,0.010157474564938236,0.015701083156688715,-0.00011543697356433695,7.039950379721799e-05,0.010272911538502573,65,65,1,exampleData.csv,0
exampleData,two_rc_w_free,0.0031623,0.0494998977640506,-0.020438698544418925,0.05067022007813036,-0.01997009837728981,-0.0011703223140797567,-0.0004686001671291157,0,0,1,exampleData.csv,1
exampleData,two_rc_w_free,0.0039811,0.04776559257398882,-0.0182856893045487,0.04849540172869077,-0.017771172068470075,-0.0007298091547019506,-0.0005145172360786245,1,1,1,exampleData.csv,1
exampleData,two_rc_w_free,0.0050119,0.046135817571421565,-0.016343158966700824,0.04657291174159939,-0.015831286369664653,-0.0004370941701778222,-0.0005118725970361705,2,2,1,exampleData.csv,1
exampleData,two_rc_w_free,0.0063096,0.044596836301773274,-0.014589168660649915,0.04485673412700162,-0.014113094480857225,-0.000259897825228346,-0.00047607417979268936,3,3,1,exampleData.csv,1
exampleData,two_rc_w_free,0.0079433,0.0431423038612392,-0.01300096361736358,0.043323419861275726,-0.012583502913734132,-0.00018111600003652834,-0.0004174607036294478,4,4,1,exampleData.csv,1
exampleData,two_rc_w_free,0.01,0.04181678802099761,-0.011573009182824043,0.041956106456101636,-0.01122025472312749,-0.00013931843510402858,-0.0003527544596965519,5,5,1,exampleData.csv,1
exampleData,two_rc_w_free,0.012589,0.040606740929859095,-0.010282133623145189,0.04073779319523168,-0.010006362749386532,-0.00013105226537258458,-0.0002757708737586573,6,6,1,exampleData.csv,1
exampleData,two_rc_w_free,0.015849,0.03951932383144551,-0.009113366697002839,0.03965181684183757,-0.008925938801409346,-0.00013249301039205963,-0.00018742789559349216,7,7,1,exampleData.csv,1
exampleData,two_rc_w_free,0.019953,0.03856629404354767,-0.00804494958277692,0.0386839602817511,-0.007965113487817048,-0.00011766623820342464,-7.983609495987136e-05,8,8,1,exampleData.csv,1
exampleData,two_rc_w_free,0.025119,0.03773445890891118,-0.007075702921918925,0.03782142949830719,-0.0071114472508633335,-8.697058939600988e-05,3.574432894440892e-05,9,9,1,exampleData.csv,1
exampleData,two_rc_w_free,0.031623,0.037013908851197805,-0.006209940124316647,0.037052595319150394,-0.006353796291114055,-3.8686467952589454e-05,0.00014385616679740785,10,10,1,exampleData.csv,1
exampleData,two_rc_w_free,0.039811,0.03639992299924442,-0.005450664199993216,0.036367296630747996,-0.005682613147334465,3.2626368496421754e-05,0.00023194894734124977,11,11,1,exampleData.csv,1
exampleData,two_rc_w_free,0.050119,0.035883179203561086,-0.004804611324614652,0.035756401467978725,-0.005089546189088398,0.00012677773558236044,0.00028493486447374577,12,12,1,exampleData.csv,1
exampleData,two_rc_w_free,0.063096,0.03544780816944048,-0.0042630212172992624,0.03521173961149079,-0.004567419947272177,0.0002360685579496924,0.0003043987299729146,13,13,1,exampleData.csv,1
exampleData,two_rc_w_free,0.079433,0.03506693121253139,-0.003816723014957778,0.0347259934585928,-0.004110187776547215,0.0003409377539385916,0.00029346476158943714,14,14,1,exampleData.csv,1
exampleData,two_rc_w_free,0.1,0.034721707243418394,-0.003465230467686932,0.03429256981739235,-0.003712886039400196,0.0004291374260260439,0.00024765557171326424,15,15,1,exampleData.csv,1
exampleData,two_rc_w_free,0.12589,0.03440366308110683,-0.0031936182833490197,0.03390551361055816,-0.003371652473563246,0.0004981494705486728,0.0001780341902142264,16,16,1,exampleData.csv,1
exampleData,two_rc_w_free,0.15849,0.03410783765793668,-0.0029843274850640607,0.033559223477068544,-0.0030836094267120205,0.0005486141808681358,9.92819416479598e-05,17,17,1,exampleData.csv,1
exampleData,two_rc_w_free,0.19953,0.033821109172144787,-0.0028420187384119175,0.03324861487184255,-0.0028471778113847903,0.0005724943003022342,5.159072972872776e-06,18,18,1,exampleData.csv,1
exampleData,two_rc_w_free,0.25119,0.03353616639243526,-0.0027510821389620833,0.03296866584026194,-0.002661908290219648,0.0005675005521733195,-8.917384874243539e-05,19,19,1,exampleData.csv,1
exampleData,two_rc_w_free,0.31623,0.0332524554516705,-0.0027092774650327093,0.03271416244218825,-0.0025285987060901897,0.0005382930094822505,-0.0001806787589425196,20,20,1,exampleData.csv,1
exampleData,two_rc_w_free,0.39811,0.03295910966053001,-0.0027164025855301414,0.03247948133710836,-0.002449483427739889,0.00047962832342165335,-0.00026691915779025223,21,21,1,exampleData.csv,1
exampleData,two_rc_w_free,0.50119,0.03265642728210896,-0.0027688021541761596,0.03225796798810795,-0.002428218938463195,0.0003984592940010148,-0.0003405832157129646,22,22,1,exampleData.csv,1
exampleData,two_rc_w_free,0.63096,0.03232796211965539,-0.0028687505233332576,0.03204120148259603,-0.0024698350812074063,0.0002867606370593606,-0.00039891544212585124,23,23,1,exampleData.csv,1
exampleData,two_rc_w_free,0.79433,0.03197349380289498,-0.002995332546857452,0.03181794247193632,-0.002580389970346486,0.00015555133095866008,-0.0004149425765109659,24,24,1,exampleData.csv,1
exampleData,two_rc_w_free,1.0,0.03158436174556338,-0.0031633863009665544,0.03157274567900244,-0.0027660519683548827,1.1616066560943272e-05,-0.00039733433261167177,25,25,1,exampleData.csv,1
exampleData,two_rc_w_free,1.2589,0.031069936132208303,-0.0034345232421858604,0.03128442134423389,-0.0030311088976992867,-0.00021448521202558843,-0.00040341434448657376,26,26,1,exampleData.csv,1
exampleData,two_rc_w_free,1.5849,0.03046141985417733,-0.003652697342055591,0.030924727410659988,-0.003374448479717433,-0.00046330755648265817,-0.0002782488623381584,27,27,1,exampleData.csv,1
exampleData,two_rc_w_free,1.9953,0.029900714166654168,-0.00389594513544332,0.030459285600161715,-0.003783477978627655,-0.0005585714335075466,-0.00011246715681566483,28,28,1,exampleData.csv,1
exampleData,two_rc_w_free,2.5119,0.029379111339927506,-0.0041496368125138496,0.029852429213047343,-0.004226968370800087,-0.0004733178731198377,7.733155828623748e-05,29,29,1,exampleData.csv,1
exampleData,two_rc_w_free,3.1623,0.028614488514401064,-0.0043563647278047945,0.029079120037594566,-0.004649902843725169,-0.0004646315231935025,0.0002935381159203743,30,30,1,exampleData.csv,1
exampleData,two_rc_w_free,3.9811,0.027877380810968015,-0.004528514961203703,0.028143696321591933,-0.004977466603932851,-0.00026631551062391776,0.0004489516427291472,31,31,1,exampleData.csv,1
exampleData,two_rc_w_free,5.0119,0.027051941695755265,-0.004623972802104744,0.027095033414871007,-0.005135857147114874,-4.309171911574122e-05,0.0005118843450101296,32,32,1,exampleData.csv,1
exampleData,two_rc_w_free,6.3096,0.02622642987302172,-0.00463483440841946,0.02602248546584248,-0.0050844748525956645,0.00020394440717923928,0.0004496404441762048,33,33,1,exampleData.csv,1
exampleData,two_rc_w_free,7.9433,0.02539677675995668,-0.004562544489738368,0.02502597807294561,-0.0048381942024715435,0.0003707986870110716,0.00027564971273317564,34,34,1,exampleData.csv,1
exampleData,two_rc_w_free,10.0,0.024674033206038913,-0.004418384064925816,0.024178132701430585,-0.00446037959792126,0.0004959005046083279,4.199553299544419e-05,35,35,1,exampleData.csv,1
exampleData,two_rc_w_free,12.589,0.023984220630662276,-0.004213943600562558,0.023505036051908727,-0.004033067433796733,0.0004791845787535491,-0.00018087616676582506,36,36,1,exampleData.csv,1
exampleData,two_rc_w_free,15.849,0.023376189861574193,-0.00397620055979716,0.022992117700486488,-0.0036279340664725672,0.00038407216108770487,-0.00034826649332459284,37,37,1,exampleData.csv,1
exampleData,two_rc_w_free,19.953,0.022795788586331325,-0.0037290248504921663,0.02260259079613728,-0.0032935343226695923,0.00019319779019404473,-0.000435490527822574,38,38,1,exampleData.csv,1
exampleData,two_rc_w_free,25.119,0.022290491192888503,-0.0035578892246933775,0.02229231263895187,-0.003055425244926713,-1.8214460633658724e-06,-0.0005024639797666644,39,39,1,exampleData.csv,1
exampleData,two_rc_w_free,31.623,0.02183347892172112,-0.0033509582749051622,0.022017655750532154,-0.0029216884438656404,-0.00018417682881103487,-0.00042926983103952184,40,40,1,exampleData.csv,1
exampleData,two_rc_w_free,39.811,0.021423948245372654,-0.0031826464281827804,0.02173786249669783,-0.0028873924444012887,-0.0003139142513251744,-0.0002952539837814917,41,41,1,exampleData.csv,1
exampleData,two_rc_w_free,50.119,0.021044983846558948,-0.0030507184111723995,0.02141549440966296,-0.0029354603366192,-0.0003705105631040123,-0.00011525807455319958,42,42,1,exampleData.csv,1
exampleData,two_rc_w_free,63.096,0.02061274834162727,-0.002938692023982815,0.021019092712420646,-0.003035073142707228,-0.0004063443707933781,9.63811187244131e-05,43,43,1,exampleData.csv,1
exampleData,two_rc_w_free,79.433,0.02020959510042839,-0.002848034411523496,0.0205302881478127,-0.0031409008639109934,-0.00032069304738430865,0.0002928664523874974,44,44,1,exampleData.csv,1
exampleData,two_rc_w_free,100.0,0.019760492004316906,-0.0027583877127425357,0.019954114600154546,-0.0031986556168540586,-0.00019362259583764058,0.0004402679041115229,45,45,1,exampleData.csv,1
exampleData,two_rc_w_free,125.89,0.019397188854563815,-0.0026767011351060705,0.019325326999168814,-0.003160390070894589,7.186185539500081e-05,0.00048368893578851864,46,46,1,exampleData.csv,1
exampleData,two_rc_w_free,158.49,0.01898347057349932,-0.002575856490231119,0.018700718263232552,-0.0030038289266936086,0.00028275231026676784,0.00042797243646248984,47,47,1,exampleData.csv,1
exampleData,two_rc_w_free,199.53,0.018562859805406062,-0.002455805016755156,0.018138318403261303,-0.002741669135947891,0.00042454140214475897,0.00028586411919273493,48,48,1,exampleData.csv,1
exampleData,two_rc_w_free,251.19,0.01817394883861396,-0.0023163152672671405,0.017675593532625385,-0.0024123287911168682,0.0004983553059885737,9.601352384972775e-05,49,49,1,exampleData.csv,1
exampleData,two_rc_w_free,316.23,0.017777098024495532,-0.0021494988087570974,0.017322243571331112,-0.002060295018095886,0.00045485445316442025,-8.920379066121135e-05,50,50,1,exampleData.csv,1
exampleData,two_rc_w_free,398.11,0.017382944047369668,-0.0019492643145405137,0.017067360871933977,-0.001720933260864522,0.0003155831754356915,-0.00022833105367599162,51,51,1,exampleData.csv,1
exampleData,two_rc_w_free,501.19,0.017027408256891644,-0.0017151675874650793,0.016890726371110193,-0.0014151915074084366,0.00013668188578145127,-0.0002999760800566427,52,52,1,exampleData.csv,1
exampleData,two_rc_w_free,630.96,0.016664493440403796,-0.0014357936694323731,0.01677146192060354,-0.0011516540580516078,-0.0001069684801997435,-0.00028413961138076533,53,53,1,exampleData.csv,1
exampleData,two_rc_w_free,794.33,0.016338702344109557,-0.0011094383687941948,0.016692134447409853,-0.000930903034758807,-0.00035343210330029615,-0.00017853533403538774,54,54,1,exampleData.csv,1
exampleData,two_rc_w_free,1000.0,0.0160611742499297,-0.0007287022309982213,0.01663971112606225,-0.0007493442299116468,-0.0005785368761325495,2.0641998913425454e-05,55,55,1,exampleData.csv,1
exampleData,two_rc_w_free,1258.9,0.01580888106340524,-0.0002827724289657194,0.01660505675908242,-0.0006017470216008571,-0.0007961756956771787,0.0003189745926351377,56,56,1,exampleData.csv,1
exampleData,two_rc_w_free,1584.9,0.015584763288620133,0.00024224721030238663,0.016581999865633405,-0.00048259026150199516,-0.0009972365770132725,0.0007248374718043818,57,57,1,exampleData.csv,0
exampleData,two_rc_w_free,1995.3,0.015355525008021014,0.0008560734952241664,0.016566485018679585,-0.00038684193559541203,-0.00121096001065857,0.0012429154308195784,58,58,1,exampleData.csv,0
exampleData,two_rc_w_free,2511.9,0.0151995284094296,0.0015811469785105114,0.01655587073280091,-0.0003101091577678427,-0.0013563423233713106,0.001891256136278354,59,59,1,exampleData.csv,0
exampleData,two_rc_w_free,3162.3,0.015171093447136085,0.002452846099159856,0.016548451196593296,-0.00024869294736066226,-0.0013773577494572108,0.002701539046520518,60,60,1,exampleData.csv,0
exampleData,two_rc_w_free,3981.1,0.0151260119032158,0.003488131035300228,0.0165431323258945,-0.00019957430464435675,-0.0014171204226787002,0.0036877053399445845,61,61,1,exampleData.csv,0
exampleData,two_rc_w_free,5011.9,0.015086882844244283,0.004712940823286973,0.016539210539218818,-0.00016029862879890776,-0.0014523276949745343,0.004873239452085881,62,62,1,exampleData.csv,0
exampleData,two_rc_w_free,6309.6,0.015276246310902308,0.006239444322658155,0.016536232691553528,-0.00012888872073091697,-0.00125998638065122,0.006368333043389072,63,63,1,exampleData.csv,0
exampleData,two_rc_w_free,7943.3,0.015467639396989145,0.008031686651315248,0.016533905552152256,-0.00010375969150262631,-0.0010662661551631113,0.008135446342817874,64,64,1,exampleData.csv,0
exampleData,two_rc_w_free,10000.0,0.015771482660485933,0.010157474564938236,0.01653203787310423,-8.364405351700717e-05,-0.0007605552126182975,0.010241118618455244,65,65,1,exampleData.csv,0
Cell_1_GEIS_SOC100_scan1,two_cpe_w,100003.71,0.11709812,0.091627985,0.043187041149876024,-0.0011532505084240147,0.07391107885012398,0.09278123550842401,0,0,1,Cell_1_GEIS_SOC100_scan1.csv,0
Cell_1_GEIS_SOC100_scan1,two_cpe_w,79433.273,0.11574821,0.067414254,0.04318712408112016,-0.0014519020055999289,0.07256108591887984,0.06886615600559993,1,1,1,Cell_1_GEIS_SOC100_scan1.csv,0
Cell_1_GEIS_SOC100_scan1,two_cpe_w,63093.824,0.11445133,0.049101222,0.04318725552975041,-0.001827901994981421,0.0712640744702496,0.05092912399498142,2,2,1,Cell_1_GEIS_SOC100_scan1.csv,0
Cell_1_GEIS_SOC100_scan1,two_cpe_w,50122.477,0.11354565,0.03306862,0.04318746371746924,-0.0023009502143262737,0.07035818628253077,0.035369570214326275,3,3,1,Cell_1_GEIS_SOC100_scan1.csv,0
Cell_1_GEIS_SOC100_scan1,two_cpe_w,39814.059,0.1164987,0.020995598,0.0431877937752749,-0.002896698378062109,0.0733109062247251,0.02389229637806211,4,4,1,Cell_1_GEIS_SOC100_scan1.csv,0
Cell_1_GEIS_SOC100_scan1,two_cpe_w,31621.139,0.11743746,0.010834876,0.04318831728263324,-0.003647221995378069,0.07424914271736675,0.01448209799537807,5,5,1,Cell_1_GEIS_SOC100_scan1.csv,0
Cell_1_GEIS_SOC100_scan1,two_cpe_w,25116.91,0.12056759,0.000979579,0.04318914671785673,-0.004591699514828218,0.07737844328214327,0.005571278514828217,6,6,1,Cell_1_GEIS_SOC100_scan1.csv,0
Cell_1_GEIS_SOC100_scan1,two_cpe_w,19948.785,0.12300065,-0.007130554,0.04319046198313358,-0.0057812687467826765,0.07981018801686643,-0.0013492852532173234,7,7,1,Cell_1_GEIS_SOC100_scan1.csv,1
Cell_1_GEIS_SOC100_scan1,two_cpe_w,15847.683,0.12581523,-0.013798361,0.043192544438638056,-0.0072773579330638735,0.08262268556136194,-0.006521003066936127,8,8,1,Cell_1_GEIS_SOC100_scan1.csv,1
Cell_1_GEIS_SOC100_scan1,two_cpe_w,12590.93,0.12808527,-0.02181693,0.04319584239758984,-0.009159706309983003,0.08488942760241017,-0.012657223690016995,9,9,1,Cell_1_GEIS_SOC100_scan1.csv,1
Cell_1_GEIS_SOC100_scan1,two_cpe_w,10002.226,0.13260444,-0.028467074,0.043201070560798825,-0.011530349000119764,0.08940336943920116,-0.016936724999880234,10,10,1,Cell_1_GEIS_SOC100_scan1.csv,1
Cell_1_GEIS_SOC100_scan1,two_cpe_w,7943.999,0.13684636,-0.035972748,0.04320936511116751,-0.014517757916182967,0.09363699488883248,-0.02145499008381703,11,11,1,Cell_1_GEIS_SOC100_scan1.csv,1
Cell_1_GEIS_SOC100_scan1,two_cpe_w,6307.7339,0.14216639,-0.04254403,0.043222532310557206,-0.01828372819392622,0.0989438576894428,-0.024260301806073775,12,12,1,Cell_1_GEIS_SOC100_scan1.csv,1
Cell_1_GEIS_SOC100_scan1,two_cpe_w,5011.604,0.14486414,-0.053253423,0.043243346759204195,-0.02301232014963061,0.10162079324079581,-0.030241102850369392,13,13,1,Cell_1_GEIS_SOC100_scan1.csv,1
Cell_1_GEIS_SOC100_scan1,two_cpe_w,3981.2744,0.1531145,-0.060575128,0.04327634344019758,-0.028967666531307116,0.1098381565598024,-0.03160746146869288,14,14,1,Cell_1_GEIS_SOC100_scan1.csv,1
Cell_1_GEIS_SOC100_scan1,two_cpe_w,3161.0117,0.15723543,-0.068842694,0.04332878587918392,-0.03648438982141323,0.11390664412081608,-0.03235830417858677,15,15,1,Cell_1_GEIS_SOC100_scan1.csv,1
Cell_1_GEIS_SOC100_scan1,two_cpe_w,2510.8032,0.16275109,-0.079830028,0.04341178623333399,-0.04593213857635699,0.11933930376666599,-0.03389788942364301,16,16,1,Cell_1_GEIS_SOC100_scan1.csv,1
Cell_1_GEIS_SOC100_scan1,two_cpe_w,1995.6388,0.16662188,-0.093934029,0.043542874329884525,-0.05778848632436879,0.12307900567011548,-0.03614554267563121,17,17,1,Cell_1_GEIS_SOC100_scan1.csv,1
Cell_1_GEIS_SOC100_scan1,two_cpe_w,1585.5074,0.17185712,-0.11263385,0.043750844829172485,-0.0727353169624257,0.1281062751708275,-0.03989853303757429,18,18,1,Cell_1_GEIS_SOC100_scan1.csv,1
Cell_1_GEIS_SOC100_scan1,two_cpe_w,1258.7913,0.17861204,-0.13367906,0.04408154450325606,-0.091610347984544,0.13453049549674395,-0.04206871201545599,19,19,1,Cell_1_GEIS_SOC100_scan1.csv,1
Cell_1_GEIS_SOC100_scan1,two_cpe_w,1000.3202,0.18163735,-0.16002068,0.044603527677429596,-0.11527496710465023,0.13703382232257041,-0.044745712895349773,20,20,1,Cell_1_GEIS_SOC100_scan1.csv,1
Cell_1_GEIS_SOC100_scan1,two_cpe_w,794.23785,0.18773687,-0.19313195,0.045433853557529956,-0.14517269411549535,0.14230301644247004,-0.04795925588450464,21,21,1,Cell_1_GEIS_SOC100_scan1.csv,1
Cell_1_GEIS_SOC100_scan1,two_cpe_w,631.00964,0.19301988,-0.23754524,0.046746180988651735,-0.18270003046322955,0.14627369901134826,-0.05484520953677044,22,22,1,Cell_1_GEIS_SOC100_scan1.csv,1
Cell_1_GEIS_SOC100_scan1,two_cpe_w,501.44418,0.20125107,-0.2891224,0.04882188211323562,-0.22985590860693406,0.15242918788676438,-0.059266491393065945,23,23,1,Cell_1_GEIS_SOC100_scan1.csv,1
Cell_1_GEIS_SOC100_scan1,two_cpe_w,398.08914,0.20797351,-0.35716197,0.052124551356815034,-0.2894306998708877,0.15584895864318496,-0.06773127012911229,24,24,1,Cell_1_GEIS_SOC100_scan1.csv,1
Cell_1_GEIS_SOC100_scan1,two_cpe_w,316.31589,0.22031942,-0.43950924,0.05733504484002933,-0.3640507108620533,0.16298437515997066,-0.0754585291379467,25,25,1,Cell_1_GEIS_SOC100_scan1.csv,1
Cell_1_GEIS_SOC100_scan1,two_cpe_w,251.04433,0.23539636,-0.54566908,0.06562852599851401,-0.4582969394759571,0.16976783400148598,-0.08737214052404291,26,26,1,Cell_1_GEIS_SOC100_scan1.csv,1
Cell_1_GEIS_SOC100_scan1,two_cpe_w,199.55299,0.25129747,-0.67441529,0.07865444653625876,-0.5757486645313571,0.17264302346374127,-0.09866662546864291,27,27,1,Cell_1_GEIS_SOC100_scan1.csv,1
Cell_1_GEIS_SOC100_scan1,two_cpe_w,158.42841,0.27890092,-0.83676392,0.09933244798230528,-0.7235925203937883,0.1795684720176947,-0.1131713996062117,28,28,1,Cell_1_GEIS_SOC100_scan1.csv,1
Cell_1_GEIS_SOC100_scan1,two_cpe_w,125.84567,0.31443036,-1.0429168,0.13185773475954077,-0.9077539002897974,0.18257262524045925,-0.13516289971020257,29,29,1,Cell_1_GEIS_SOC100_scan1.csv,1
Cell_1_GEIS_SOC100_scan1,two_cpe_w,100.03201,0.36917639,-1.2905344,0.18275418161896323,-1.1357349369450005,0.1864222083810368,-0.1547994630549996,30,30,1,Cell_1_GEIS_SOC100_scan1.csv,1
Cell_1_GEIS_SOC100_scan1,two_cpe_w,79.415512,0.44962808,-1.5964146,0.26270023571949663,-1.418172628011025,0.18692784428050335,-0.17824197198897496,31,31,1,Cell_1_GEIS_SOC100_scan1.csv,1
Cell_1_GEIS_SOC100_scan1,two_cpe_w,63.082298,0.56433535,-1.9713234,0.3863714480328361,-1.761211424427809,0.17796390196716394,-0.21011197557219097,32,32,1,Cell_1_GEIS_SOC100_scan1.csv,1
Cell_1_GEIS_SOC100_scan1,two_cpe_w,50.144421,0.73576897,-2.417239,0.5749269293584597,-2.1692989920111154,0.16084204064154028,-0.2479400079888845,33,33,1,Cell_1_GEIS_SOC100_scan1.csv,1
Cell_1_GEIS_SOC100_scan1,two_cpe_w,39.808914,0.98831642,-2.944468,0.8596122068405004,-2.644405005511969,0.12870421315949954,-0.3000629944880311,34,34,1,Cell_1_GEIS_SOC100_scan1.csv,1
Cell_1_GEIS_SOC100_scan1,two_cpe_w,31.629555,1.3493861,-3.5478995,1.2736451375944169,-3.1669735856716033,0.07574096240558315,-0.38092591432839695,35,35,1,Cell_1_GEIS_SOC100_scan1.csv,1
Cell_1_GEIS_SOC100_scan1,two_cpe_w,25.104433,1.880208,-4.1996684,1.8561270290498615,-3.7042753083972952,0.024080970950138614,-0.49539309160270495,36,36,1,Cell_1_GEIS_SOC100_scan1.csv,1
Cell_1_GEIS_SOC100_scan1,two_cpe_w,19.955299,2.610106,-4.8447452,2.6209211525646507,-4.187929874189169,-0.01081515256465071,-0.6568153258108316,37,37,1,Cell_1_GEIS_SOC100_scan1.csv,1
Cell_1_GEIS_SOC100_scan1,two_cpe_w,15.857577,3.5708456,-5.3677635,3.5590188814254815,-4.541295116286962,0.011826718574518669,-0.8264683837130375,38,38,1,Cell_1_GEIS_SOC100_scan1.csv,1
Cell_1_GEIS_SOC100_scan1,two_cpe_w,12.600809,4.712913,-5.6473818,4.60825301705924,-4.689164777603207,0.10465998294076062,-0.9582170223967932,39,39,1,Cell_1_GEIS_SOC100_scan1.csv,1
Cell_1_GEIS_SOC100_scan1,two_cpe_w,10.003201,5.9089704,-5.6223569,5.67255829872131,-4.596021261961891,0.23641210127868995,-1.026335638038109,40,40,1,Cell_1_GEIS_SOC100_scan1.csv,1
Cell_1_GEIS_SOC100_scan1,two_cpe_w,7.9395323,7.0032434,-5.2879295,6.642871137323928,-4.284959623389501,0.3603722626760719,-1.002969876610499,41,41,1,Cell_1_GEIS_SOC100_scan1.csv,1
Cell_1_GEIS_SOC100_scan1,two_cpe_w,6.3105812,7.89605,-4.7737436,7.442402180159611,-3.8301186307786534,0.4536478198403886,-0.943624969221347,42,42,1,Cell_1_GEIS_SOC100_scan1.csv,1
Cell_1_GEIS_SOC100_scan1,two_cpe_w,5.0080128,8.5641832,-4.1734715,8.059191400582199,-3.308971385986218,0.5049917994178017,-0.8645001140137816,43,43,1,Cell_1_GEIS_SOC100_scan1.csv,1
Cell_1_GEIS_SOC100_scan1,two_cpe_w,3.9778516,9.045434,-3.5917385,8.501910195065816,-2.794732757960732,0.5435238049341837,-0.7970057420392678,44,44,1,Cell_1_GEIS_SOC100_scan1.csv,1
Cell_1_GEIS_SOC100_scan1,two_cpe_w,3.1629555,9.3503199,-3.0610459,8.806142341601703,-2.329739494647831,0.5441775583982977,-0.7313064053521687,45,45,1,Cell_1_GEIS_SOC100_scan1.csv,1
Cell_1_GEIS_SOC100_scan1,two_cpe_w,2.5136747,9.5426893,-2.6164281,9.010425532846318,-1.930271023588012,0.5322637671536814,-0.6861570764119878,46,46,1,Cell_1_GEIS_SOC100_scan1.csv,1
Cell_1_GEIS_SOC100_scan1,two_cpe_w,1.99553,9.6551285,-2.2624342,9.144929290374703,-1.6010653700327813,0.5101992096252967,-0.6613688299672187,47,47,1,Cell_1_GEIS_SOC100_scan1.csv,1
Cell_1_GEIS_SOC100_scan1,two_cpe_w,1.5853286,9.6964312,-1.9944983,9.231575253132014,-1.3419850217846403,0.4648559468679849,-0.6525132782153598,48,48,1,Cell_1_GEIS_SOC100_scan1.csv,1
Cell_1_GEIS_SOC100_scan1,two_cpe_w,1.2596742,9.6730146,-1.7908397,9.287080503883185,-1.1460559516521165,0.38593409611681473,-0.6447837483478835,49,49,1,Cell_1_GEIS_SOC100_scan1.csv,1
Cell_1_GEIS_SOC100_scan1,two_cpe_w,1.0000639,9.6063843,-1.6623962,9.322574460906036,-1.0063037873405085,0.28380983909396384,-0.6560924126594916,50,50,1,Cell_1_GEIS_SOC100_scan1.csv,1
Cell_1_GEIS_SOC100_scan1,two_cpe_w,0.79363066,9.4892473,-1.5844244,9.345117926988179,-0.9180975730231811,0.14412937301182183,-0.666326826976819,51,51,1,Cell_1_GEIS_SOC100_scan1.csv,1
Cell_1_GEIS_SOC100_scan1,two_cpe_w,0.63090527,9.2985516,-1.5439429,9.359286826711354,-0.8782113257647407,-0.060735226711354784,-0.6657315742352593,52,52,1,Cell_1_GEIS_SOC100_scan1.csv,1
Cell_1_GEIS_SOC100_scan1,two_cpe_w,0.50154078,9.0930462,-1.5377941,9.368263580325884,-0.8842225630871225,-0.27521738032588416,-0.6535715369128774,53,53,1,Cell_1_GEIS_SOC100_scan1.csv,1
Cell_1_GEIS_SOC100_scan1,two_cpe_w,0.39774463,8.8802042,-1.5656296,9.373992206810463,-0.9375272790469233,-0.49378800681046364,-0.6281023209530767,54,54,1,Cell_1_GEIS_SOC100_scan1.csv,1
Cell_1_GEIS_SOC100_scan1,two_cpe_w,0.3161931,8.6605501,-1.5940239,9.377569029232218,-1.039964652669773,-0.7170189292322178,-0.554059247330227,55,55,1,Cell_1_GEIS_SOC100_scan1.csv,1
Cell_1_GEIS_SOC100_scan1,two_cpe_w,0.25122195,8.4181032,-1.6218363,9.37983522980091,-1.197784862938675,-0.9617320298009115,-0.4240514370613251,56,56,1,Cell_1_GEIS_SOC100_scan1.csv,1
Cell_1_GEIS_SOC100_scan1,two_cpe_w,0.19933917,8.1653471,-1.6397592,9.381272791579324,-1.4206890198002868,-1.215925691579324,-0.21907018019971325,57,57,1,Cell_1_GEIS_SOC100_scan1.csv,1
Cell_1_GEIS_SOC100_scan1,two_cpe_w,0.15860692,7.9231367,-1.660681,9.382169631657458,-1.7158762577148212,-1.4590329316574584,0.055195257714821144,58,58,1,Cell_1_GEIS_SOC100_scan1.csv,1
Cell_1_GEIS_SOC100_scan1,two_cpe_w,0.12593903,7.6573443,-1.6885889,9.38274150901188,-2.105021140923661,-1.7253972090118808,0.41643224092366093,59,59,1,Cell_1_GEIS_SOC100_scan1.csv,1
Cell_1_GEIS_SOC100_scan1,two_cpe_w,0.10007046,7.3201251,-1.6998354,9.383101239427944,-2.6048895663852587,-2.062976139427944,0.9050541663852587,60,60,1,Cell_1_GEIS_SOC100_scan1.csv,1
Cell_1_GEIS_SOC100_scan2,two_cpe_w,100003.71,0.11350565,0.089973748,0.1321534445418778,-0.0026777756922240553,-0.018647794541877802,0.09265152369222406,0,0,2,Cell_1_GEIS_SOC100_scan2.csv,0
Cell_1_GEIS_SOC100_scan2,two_cpe_w,79433.273,0.11110282,0.067979008,0.13233630679373293,-0.0031664710673766265,-0.021233486793732922,0.07114547906737662,1,1,2,Cell_1_GEIS_SOC100_scan2.csv,0
Cell_1_GEIS_SOC100_scan2,two_cpe_w,63093.824,0.11568929,0.049193062,0.13254164344543068,-0.0037566845178217717,-0.01685235344543068,0.05294974651782178,2,2,2,Cell_1_GEIS_SOC100_scan2.csv,0
Cell_1_GEIS_SOC100_scan2,two_cpe_w,50122.477,0.11581337,0.032913886,0.1327721057103132,-0.004471140221362961,-0.0169587357103132,0.037385026221362964,3,3,2,Cell_1_GEIS_SOC100_scan2.csv,0
Cell_1_GEIS_SOC100_scan2,two_cpe_w,39814.059,0.1159054,0.018876668,0.13303109616947326,-0.005339357980272045,-0.01712569616947325,0.024216025980272046,4,4,2,Cell_1_GEIS_SOC100_scan2.csv,0
Cell_1_GEIS_SOC100_scan2,two_cpe_w,31621.139,0.12002842,0.008240647,0.1333223222019565,-0.006397665139397723,-0.013293902201956503,0.014638312139397723,5,5,2,Cell_1_GEIS_SOC100_scan2.csv,0
Cell_1_GEIS_SOC100_scan2,two_cpe_w,25116.91,0.12217385,-0.000618495,0.133649583925078,-0.007689646012455489,-0.011475733925078002,0.007071151012455489,6,6,2,Cell_1_GEIS_SOC100_scan2.csv,1
Cell_1_GEIS_SOC100_scan2,two_cpe_w,19948.785,0.12484568,-0.007845121,0.13401788047095875,-0.009272159031917587,-0.00917220047095875,0.001427038031917587,7,7,2,Cell_1_GEIS_SOC100_scan2.csv,1
Cell_1_GEIS_SOC100_scan2,two_cpe_w,15847.683,0.12690425,-0.016660692,0.13443211781025918,-0.011212263611149235,-0.007527867810259187,-0.005448428388850766,8,8,2,Cell_1_GEIS_SOC100_scan2.csv,1
Cell_1_GEIS_SOC100_scan2,two_cpe_w,12590.93,0.13056768,-0.023734877,0.13489878380115192,-0.013596964437056719,-0.004331103801151925,-0.010137912562943283,9,9,2,Cell_1_GEIS_SOC100_scan2.csv,1
Cell_1_GEIS_SOC100_scan2,two_cpe_w,10002.226,0.13438883,-0.028720794,0.13542585034970278,-0.016536986321508126,-0.0010370203497027941,-0.012183807678491875,10,10,2,Cell_1_GEIS_SOC100_scan2.csv,1
Cell_1_GEIS_SOC100_scan2,two_cpe_w,7943.999,0.13887474,-0.036889341,0.13602273526061923,-0.020170663595171223,0.00285200473938077,-0.016718677404828776,11,11,2,Cell_1_GEIS_SOC100_scan2.csv,1
Cell_1_GEIS_SOC100_scan2,two_cpe_w,6307.7339,0.14326593,-0.0444635,0.1367008661655602,-0.02467106297690786,0.006565063834439805,-0.019792437023092142,12,12,2,Cell_1_GEIS_SOC100_scan2.csv,1
Cell_1_GEIS_SOC100_scan2,two_cpe_w,5011.604,0.14812203,-0.052850727,0.13747144132534164,-0.030231887989552786,0.010650588674658346,-0.022618839010447214,13,13,2,Cell_1_GEIS_SOC100_scan2.csv,1
Cell_1_GEIS_SOC100_scan2,two_cpe_w,3981.2744,0.1552106,-0.061876334,0.1383546685552207,-0.03713427562579799,0.016855931444779315,-0.024742058374202007,14,14,2,Cell_1_GEIS_SOC100_scan2.csv,1
Cell_1_GEIS_SOC100_scan2,two_cpe_w,3161.0117,0.15995863,-0.070029743,0.1393766435993335,-0.0457320666107186,0.020581986400666497,-0.024297676389281403,15,15,2,Cell_1_GEIS_SOC100_scan2.csv,1
Cell_1_GEIS_SOC100_scan2,two_cpe_w,2510.8032,0.1654278,-0.083452724,0.14056587455805597,-0.05641006336526066,0.024861925441944044,-0.027042660634739348,16,16,2,Cell_1_GEIS_SOC100_scan2.csv,1
Cell_1_GEIS_SOC100_scan2,two_cpe_w,1995.6388,0.16970807,-0.096511543,0.14196564439341874,-0.06966606169639118,0.027742425606581245,-0.026845481303608823,17,17,2,Cell_1_GEIS_SOC100_scan2.csv,1
Cell_1_GEIS_SOC100_scan2,two_cpe_w,1585.5074,0.17474955,-0.11332253,0.14364788005783896,-0.08621406862799935,0.031101669942161042,-0.027108461372000653,18,18,2,Cell_1_GEIS_SOC100_scan2.csv,1
Cell_1_GEIS_SOC100_scan2,two_cpe_w,1258.7913,0.17986898,-0.13582122,0.1457137801626179,-0.10692465737392413,0.034155199837382105,-0.02889656262607586,19,19,2,Cell_1_GEIS_SOC100_scan2.csv,1
Cell_1_GEIS_SOC100_scan2,two_cpe_w,1000.3202,0.18687777,-0.16263388,0.14829303576191388,-0.1326786796581532,0.038584734238086116,-0.029955200341846816,20,20,2,Cell_1_GEIS_SOC100_scan2.csv,1
Cell_1_GEIS_SOC100_scan2,two_cpe_w,794.23785,0.19250619,-0.1973408,0.15162587002317163,-0.16497061001944557,0.040880319976828366,-0.03237018998055444,21,21,2,Cell_1_GEIS_SOC100_scan2.csv,1
Cell_1_GEIS_SOC100_scan2,two_cpe_w,631.00964,0.19996126,-0.23988588,0.15602850271324717,-0.20521558664096828,0.04393275728675283,-0.03467029335903171,22,22,2,Cell_1_GEIS_SOC100_scan2.csv,1
Cell_1_GEIS_SOC100_scan2,two_cpe_w,501.44418,0.20907666,-0.29053512,0.16202029213902855,-0.2554407104476587,0.04705636786097145,-0.03509440955234128,23,23,2,Cell_1_GEIS_SOC100_scan2.csv,1
Cell_1_GEIS_SOC100_scan2,two_cpe_w,398.08914,0.22002125,-0.35838556,0.17044860520532615,-0.31845618216502186,0.049572644794673854,-0.03992937783497813,24,24,2,Cell_1_GEIS_SOC100_scan2.csv,1
Cell_1_GEIS_SOC100_scan2,two_cpe_w,316.31589,0.23505671,-0.44137338,0.18249613499779838,-0.39680740606110965,0.052560575002201626,-0.044565973938890335,25,25,2,Cell_1_GEIS_SOC100_scan2.csv,1
Cell_1_GEIS_SOC100_scan2,two_cpe_w,251.04433,0.25580525,-0.54501402,0.20023143495639134,-0.4949364923649813,0.05557381504360864,-0.050077527635018715,26,26,2,Cell_1_GEIS_SOC100_scan2.csv,1
Cell_1_GEIS_SOC100_scan2,two_cpe_w,199.55299,0.28397924,-0.67372108,0.22641955237976602,-0.6159634759195082,0.057559687620234,-0.0577576040804918,27,27,2,Cell_1_GEIS_SOC100_scan2.csv,1
Cell_1_GEIS_SOC100_scan2,two_cpe_w,158.42841,0.32632256,-0.83171058,0.26596207728815946,-0.7662221118311828,0.060360482711840524,-0.06548846816881715,28,28,2,Cell_1_GEIS_SOC100_scan2.csv,1
Cell_1_GEIS_SOC100_scan2,two_cpe_w,125.84567,0.39097866,-1.0283124,0.32553493104817127,-0.9497954764304152,0.0654437289518287,-0.07851692356958473,29,29,2,Cell_1_GEIS_SOC100_scan2.csv,1
Cell_1_GEIS_SOC100_scan2,two_cpe_w,100.03201,0.48584867,-1.2599335,0.4150175786860271,-1.1707064087594825,0.07083109131397286,-0.08922709124051753,30,30,2,Cell_1_GEIS_SOC100_scan2.csv,1
Cell_1_GEIS_SOC100_scan2,two_cpe_w,79.415512,0.62500346,-1.5356163,0.5494777039377827,-1.4329942343543074,0.07552575606221723,-0.10262206564569265,31,31,2,Cell_1_GEIS_SOC100_scan2.csv,1
Cell_1_GEIS_SOC100_scan2,two_cpe_w,63.082298,0.82441562,-1.8483087,0.7465411915150056,-1.7316087573486691,0.07787442848499437,-0.11669994265133088,32,32,2,Cell_1_GEIS_SOC100_scan2.csv,1
Cell_1_GEIS_SOC100_scan2,two_cpe_w,50.144421,1.1076159,-2.1857345,1.0264405490503186,-2.053514034253231,0.08117535094968154,-0.13222046574676893,33,33,2,Cell_1_GEIS_SOC100_scan2.csv,1
Cell_1_GEIS_SOC100_scan2,two_cpe_w,39.808914,1.4886426,-2.5258837,1.410258758726575,-2.3756214350807663,0.07838384127342501,-0.15026226491923378,34,34,2,Cell_1_GEIS_SOC100_scan2.csv,1
Cell_1_GEIS_SOC100_scan2,two_cpe_w,31.629555,1.9792951,-2.8215408,1.900780971494527,-2.6552982983949645,0.07851412850547312,-0.16624250160503573,35,35,2,Cell_1_GEIS_SOC100_scan2.csv,1
Cell_1_GEIS_SOC100_scan2,two_cpe_w,25.104433,2.561595,-3.0283444,2.484913841409968,-2.848866941481433,0.076681158590032,-0.179477458518567,36,36,2,Cell_1_GEIS_SOC100_scan2.csv,1
Cell_1_GEIS_SOC100_scan2,two_cpe_w,19.955299,3.1860867,-3.10624,3.1125783915086838,-2.9201829351309345,0.0735083084913164,-0.1860570648690656,37,37,2,Cell_1_GEIS_SOC100_scan2.csv,1
Cell_1_GEIS_SOC100_scan2,two_cpe_w,15.857577,3.798615,-3.0569763,3.7305826867541665,-2.864703650237955,0.06803231324583336,-0.19227264976204506,38,38,2,Cell_1_GEIS_SOC100_scan2.csv,1
Cell_1_GEIS_SOC100_scan2,two_cpe_w,12.600809,4.3499298,-2.9084015,4.288304000640912,-2.707360988646099,0.06162579935908763,-0.20104051135390089,39,39,2,Cell_1_GEIS_SOC100_scan2.csv,1
Cell_1_GEIS_SOC100_scan2,two_cpe_w,10.003201,4.8217707,-2.7024951,4.7620500926490665,-2.4894596949311034,0.05972060735093354,-0.21303540506889673,40,40,2,Cell_1_GEIS_SOC100_scan2.csv,1
Cell_1_GEIS_SOC100_scan2,two_cpe_w,7.9395323,5.2140045,-2.4734306,5.149862129610053,-2.251758146670388,0.06414237038994663,-0.22167245332961194,41,41,2,Cell_1_GEIS_SOC100_scan2.csv,1
Cell_1_GEIS_SOC100_scan2,two_cpe_w,6.3105812,5.5316339,-2.2537479,5.464872937875901,-2.021946682969733,0.06676096212409899,-0.23180121703026701,42,42,2,Cell_1_GEIS_SOC100_scan2.csv,1
Cell_1_GEIS_SOC100_scan2,two_cpe_w,5.0080128,5.7944932,-2.0462372,5.728678066712381,-1.807821179191406,0.0658151332876189,-0.23841602080859414,43,43,2,Cell_1_GEIS_SOC100_scan2.csv,1
Cell_1_GEIS_SOC100_scan2,two_cpe_w,3.9778516,6.0149736,-1.8625046,5.950453597809302,-1.61335206463863,0.0645200021906982,-0.24915253536137016,44,44,2,Cell_1_GEIS_SOC100_scan2.csv,1
Cell_1_GEIS_SOC100_scan2,two_cpe_w,3.1629555,6.1991286,-1.7033105,6.1366126514922525,-1.438167359772684,0.06251594850774733,-0.2651431402273159,45,45,2,Cell_1_GEIS_SOC100_scan2.csv,1
Cell_1_GEIS_SOC100_scan2,two_cpe_w,2.5136747,6.353745,-1.567391,6.2920587831712975,-1.2826197321463506,0.061686216828702456,-0.28477126785364937,46,46,2,Cell_1_GEIS_SOC100_scan2.csv,1
Cell_1_GEIS_SOC100_scan2,two_cpe_w,1.99553,6.4839077,-1.4532478,6.421332628267564,-1.1496058013918016,0.06257507173243582,-0.3036419986081984,47,47,2,Cell_1_GEIS_SOC100_scan2.csv,1
Cell_1_GEIS_SOC100_scan2,two_cpe_w,1.5853286,6.5763025,-1.3617946,6.529631549884732,-1.0421955742463416,0.046670950115268006,-0.3195990257536585,48,48,2,Cell_1_GEIS_SOC100_scan2.csv,1
Cell_1_GEIS_SOC100_scan2,two_cpe_w,1.2596742,6.6490474,-1.2876971,6.623657636369057,-0.9593497455252018,0.02538976363094303,-0.3283473544747981,49,49,2,Cell_1_GEIS_SOC100_scan2.csv,1
Cell_1_GEIS_SOC100_scan2,two_cpe_w,1.0000639,6.7000418,-1.2399242,6.7079322649943265,-0.8981365862799569,-0.00789046499432633,-0.34178761372004307,50,50,2,Cell_1_GEIS_SOC100_scan2.csv,1
Cell_1_GEIS_SOC100_scan2,two_cpe_w,0.79363066,6.7318439,-1.2091293,6.7831477219502245,-0.8563862327965361,-0.051303821950224204,-0.35274306720346393,51,51,2,Cell_1_GEIS_SOC100_scan2.csv,1
Cell_1_GEIS_SOC100_scan2,two_cpe_w,0.63090527,6.745934,-1.1990061,6.8473247821452015,-0.8343461269890639,-0.10139078214520136,-0.3646599730109362,52,52,2,Cell_1_GEIS_SOC100_scan2.csv,1
Cell_1_GEIS_SOC100_scan2,two_cpe_w,0.50154078,6.7709355,-1.2144759,6.899495412180355,-0.8348803564559252,-0.12855991218035445,-0.3795955435440749,53,53,2,Cell_1_GEIS_SOC100_scan2.csv,1
Cell_1_GEIS_SOC100_scan2,two_cpe_w,0.39774463,6.7765074,-1.2388198,6.939760012406305,-0.8641164936903831,-0.16325261240630518,-0.3747033063096168,54,54,2,Cell_1_GEIS_SOC100_scan2.csv,1
Cell_1_GEIS_SOC100_scan2,two_cpe_w,0.3161931,6.7867332,-1.2803322,6.968577569039717,-0.9283606052496494,-0.1818443690397178,-0.35197159475035056,55,55,2,Cell_1_GEIS_SOC100_scan2.csv,1
Cell_1_GEIS_SOC100_scan2,two_cpe_w,0.25122195,6.7895088,-1.3325591,6.988624863410584,-1.0355793034297707,-0.19911606341058352,-0.29697979657022944,56,56,2,Cell_1_GEIS_SOC100_scan2.csv,1
Cell_1_GEIS_SOC100_scan2,two_cpe_w,0.19933917,6.7957172,-1.3887671,7.002166688362305,-1.1951956570135454,-0.20644948836230448,-0.19357144298645457,57,57,2,Cell_1_GEIS_SOC100_scan2.csv,1
Cell_1_GEIS_SOC100_scan2,two_cpe_w,0.15860692,6.7815638,-1.44469,7.010971176500744,-1.4139609333574628,-0.2294073765007445,-0.030729066642537273,58,58,2,Cell_1_GEIS_SOC100_scan2.csv,1
Cell_1_GEIS_SOC100_scan2,two_cpe_w,0.12593903,6.7141709,-1.4844356,7.016738452829086,-1.7088571637780943,-0.3025675528290863,0.2244215637780942,59,59,2,Cell_1_GEIS_SOC100_scan2.csv,1
Cell_1_GEIS_SOC100_scan2,two_cpe_w,0.10007046,6.6169162,-1.5100591,7.020430941665545,-2.093145265227491,-0.40351474166554446,0.5830861652274908,60,60,2,Cell_1_GEIS_SOC100_scan2.csv,1
Cell_2_GEIS_SOC70,two_cpe_w_scan1,100003.71,0.12157016,0.096670747,0.11949423118629592,-0.0018297754597309365,0.002075928813704081,0.09850052245973094,0,0,1,Cell_2_GEIS_SOC70.csv,0
Cell_2_GEIS_SOC70,two_cpe_w_scan1,79433.273,0.11687878,0.076315127,0.11972064911357319,-0.0020541817004176895,-0.0028418691135731894,0.07836930870041768,1,1,1,Cell_2_GEIS_SOC70.csv,0
Cell_2_GEIS_SOC70,two_cpe_w_scan1,63093.824,0.11661892,0.058280807,0.11997593505209715,-0.0023048573170038516,-0.003357015052097151,0.06058566431700385,2,2,1,Cell_2_GEIS_SOC70.csv,0
Cell_2_GEIS_SOC70,two_cpe_w_scan1,50122.477,0.11533181,0.045731325,0.12026355040505439,-0.0025843498702357408,-0.004931740405054383,0.04831567487023575,3,3,1,Cell_2_GEIS_SOC70.csv,0
Cell_2_GEIS_SOC70,two_cpe_w_scan1,39814.059,0.11561307,0.033966314,0.12058787656396039,-0.002895860552221116,-0.0049748065639603906,0.036862174552221114,4,4,1,Cell_2_GEIS_SOC70.csv,0
Cell_2_GEIS_SOC70,two_cpe_w_scan1,31621.139,0.11720068,0.023437403,0.12095363126504624,-0.0032426095482285464,-0.0037529512650462393,0.026680012548228545,5,5,1,Cell_2_GEIS_SOC70.csv,0
Cell_2_GEIS_SOC70,two_cpe_w_scan1,25116.91,0.11957126,0.018883789,0.12136555026057108,-0.0036274821316751213,-0.0017942902605710825,0.02251127113167512,6,6,1,Cell_2_GEIS_SOC70.csv,0
Cell_2_GEIS_SOC70,two_cpe_w_scan1,19948.785,0.11725155,0.013895259,0.12182970228115375,-0.004054189377935519,-0.004578152281153755,0.01794944837793552,7,7,1,Cell_2_GEIS_SOC70.csv,0
Cell_2_GEIS_SOC70,two_cpe_w_scan1,15847.683,0.11916773,0.0087475209,0.12235174422568655,-0.0045255613451795915,-0.0031840142256865517,0.01327308224517959,8,8,1,Cell_2_GEIS_SOC70.csv,0
Cell_2_GEIS_SOC70,two_cpe_w_scan1,12590.93,0.12057089,0.0060291709,0.12293884849568197,-0.005045228715917188,-0.002367958495681971,0.011074399615917187,9,9,1,Cell_2_GEIS_SOC70.csv,0
Cell_2_GEIS_SOC70,two_cpe_w_scan1,10002.226,0.11931104,0.00069316762,0.123599290910142,-0.005617088838179175,-0.004288250910142011,0.0063102564581791745,10,10,1,Cell_2_GEIS_SOC70.csv,0
Cell_2_GEIS_SOC70,two_cpe_w_scan1,7943.999,0.12235168,-0.001895297,0.1243419505309435,-0.006244730369177425,-0.0019902705309435,0.004349433369177425,11,11,1,Cell_2_GEIS_SOC70.csv,1
Cell_2_GEIS_SOC70,two_cpe_w_scan1,6307.7339,0.12271012,-0.0044024992,0.12517632520964242,-0.006931337722759384,-0.0024662052096424136,0.002528838522759384,12,12,1,Cell_2_GEIS_SOC70.csv,1
Cell_2_GEIS_SOC70,two_cpe_w_scan1,5011.604,0.12483221,-0.0069751344,0.12610883224595948,-0.007676678534459715,-0.00127662224595948,0.0007015441344597152,13,13,1,Cell_2_GEIS_SOC70.csv,1
Cell_2_GEIS_SOC70,two_cpe_w_scan1,3981.2744,0.12663744,-0.0073430906,0.1271525492067708,-0.008484913005227053,-0.0005151092067708085,0.001141822405227053,14,14,1,Cell_2_GEIS_SOC70.csv,1
Cell_2_GEIS_SOC70,two_cpe_w_scan1,3161.0117,0.12964922,-0.0091257133,0.1283206981490545,-0.009358984695847238,0.0013285218509455077,0.00023327139584723884,15,15,1,Cell_2_GEIS_SOC70.csv,1
Cell_2_GEIS_SOC70,two_cpe_w_scan1,2510.8032,0.12871495,-0.011201823,0.12961945698813235,-0.010295554771848119,-0.0009045069881323531,-0.0009062682281518811,16,16,1,Cell_2_GEIS_SOC70.csv,1
Cell_2_GEIS_SOC70,two_cpe_w_scan1,1995.6388,0.13085401,-0.010860024,0.1310574784277759,-0.011292571385693525,-0.00020346842777591023,0.00043254738569352587,17,17,1,Cell_2_GEIS_SOC70.csv,1
Cell_2_GEIS_SOC70,two_cpe_w_scan1,1585.5074,0.13342632,-0.012321899,0.13265170769935605,-0.012352927700141545,0.0007746123006439343,3.102870014154435e-05,18,18,1,Cell_2_GEIS_SOC70.csv,1
Cell_2_GEIS_SOC70,two_cpe_w_scan1,1258.7913,0.13331684,-0.013976712,0.13441476856972898,-0.013475720597846786,-0.0010979285697289842,-0.0005009914021532145,19,19,1,Cell_2_GEIS_SOC70.csv,1
Cell_2_GEIS_SOC70,two_cpe_w_scan1,1000.3202,0.13850711,-0.013196456,0.13634229026464895,-0.01464973621414781,0.0021648197353510423,0.00145328021414781,20,20,1,Cell_2_GEIS_SOC70.csv,1
Cell_2_GEIS_SOC70,two_cpe_w_scan1,794.23785,0.14018172,-0.014830584,0.13845545402758583,-0.015880519123464696,0.0017262659724141816,0.0010499351234646952,21,21,1,Cell_2_GEIS_SOC70.csv,1
Cell_2_GEIS_SOC70,two_cpe_w_scan1,631.00964,0.14250669,-0.018090799,0.14074472657572865,-0.01715712643109114,0.0017619634242713456,-0.000933672568908861,22,22,1,Cell_2_GEIS_SOC70.csv,1
Cell_2_GEIS_SOC70,two_cpe_w_scan1,501.44418,0.14519003,-0.017186992,0.14321406478236,-0.018479868822040953,0.0019759652176399856,0.001292876822040951,23,23,1,Cell_2_GEIS_SOC70.csv,1
Cell_2_GEIS_SOC70,two_cpe_w_scan1,398.08914,0.14828189,-0.02043278,0.14587545077239045,-0.019857117308626597,0.0024064392276095525,-0.0005756626913734041,24,24,1,Cell_2_GEIS_SOC70.csv,1
Cell_2_GEIS_SOC70,two_cpe_w_scan1,316.31589,0.14946668,-0.021123517,0.14870246888461577,-0.021283163788864305,0.0007642111153842168,0.00015964678886430314,25,25,1,Cell_2_GEIS_SOC70.csv,1
Cell_2_GEIS_SOC70,two_cpe_w_scan1,251.04433,0.15227842,-0.023408372,0.1517132411335992,-0.022782502149765342,0.000565178866400784,-0.0006258698502346581,26,26,1,Cell_2_GEIS_SOC70.csv,1
Cell_2_GEIS_SOC70,two_cpe_w_scan1,199.55299,0.15575682,-0.024085887,0.15486267320583427,-0.024356768013996444,0.0008941467941657177,0.0002708810139964435,27,27,1,Cell_2_GEIS_SOC70.csv,1
Cell_2_GEIS_SOC70,two_cpe_w_scan1,158.42841,0.16025881,-0.02612553,0.15817962305624592,-0.026054704386488152,0.0020791869437540855,-7.082561351184902e-05,28,28,1,Cell_2_GEIS_SOC70.csv,1
Cell_2_GEIS_SOC70,two_cpe_w_scan1,125.84567,0.16313088,-0.028221842,0.1616325043830284,-0.027905652598175283,0.001498375616971609,-0.0003161894018247173,29,29,1,Cell_2_GEIS_SOC70.csv,1
Cell_2_GEIS_SOC70,two_cpe_w_scan1,100.03201,0.16550463,-0.031343579,0.1652156094729587,-0.02996232462890399,0.00028902052704130043,-0.0013812543710960135,30,30,1,Cell_2_GEIS_SOC70.csv,1
Cell_2_GEIS_SOC70,two_cpe_w_scan1,79.415512,0.16903931,-0.033442583,0.16896478954619304,-0.0323132843914921,7.452045380695882e-05,-0.0011292986085078976,31,31,1,Cell_2_GEIS_SOC70.csv,1
Cell_2_GEIS_SOC70,two_cpe_w_scan1,63.082298,0.17498496,-0.036317177,0.1728690345219154,-0.03502855050985155,0.0021159254780845904,-0.0012886264901484507,32,32,1,Cell_2_GEIS_SOC70.csv,1
Cell_2_GEIS_SOC70,two_cpe_w_scan1,50.144421,0.1796581,-0.040777642,0.1769569931524666,-0.03820594097599657,0.0027011068475333855,-0.002571701024003434,33,33,1,Cell_2_GEIS_SOC70.csv,1
Cell_2_GEIS_SOC70,two_cpe_w_scan1,39.808914,0.18214646,-0.044700265,0.18131973744867835,-0.04199527586319365,0.000826722551321657,-0.002704989136806356,34,34,1,Cell_2_GEIS_SOC70.csv,1
Cell_2_GEIS_SOC70,two_cpe_w_scan1,31.629555,0.18640155,-0.048723426,0.1860006293548159,-0.04649935752132948,0.00040092064518409964,-0.0022240684786705225,35,35,1,Cell_2_GEIS_SOC70.csv,1
Cell_2_GEIS_SOC70,two_cpe_w_scan1,25.104433,0.1921487,-0.055130742,0.19115713733461046,-0.0519050795124064,0.0009915626653895504,-0.0032256624875936016,36,36,1,Cell_2_GEIS_SOC70.csv,1
Cell_2_GEIS_SOC70,two_cpe_w_scan1,19.955299,0.20020345,-0.061455701,0.19689445602170985,-0.05830511205980013,0.0033089939782901534,-0.003150588940199872,37,37,1,Cell_2_GEIS_SOC70.csv,1
Cell_2_GEIS_SOC70,two_cpe_w_scan1,15.857577,0.20480435,-0.067369975,0.20347243910030713,-0.06589255392223556,0.0013319108996928675,-0.0014774210777644403,38,38,1,Cell_2_GEIS_SOC70.csv,1
Cell_2_GEIS_SOC70,two_cpe_w_scan1,12.600809,0.21397278,-0.077354155,0.21117373442725598,-0.07479130676619568,0.002799045572744019,-0.0025628482338043157,39,39,1,Cell_2_GEIS_SOC70.csv,1
Cell_2_GEIS_SOC70,two_cpe_w_scan1,10.003201,0.223088,-0.088346377,0.22040645664337855,-0.0851271531124477,0.002681543356621463,-0.0032192238875523027,40,40,1,Cell_2_GEIS_SOC70.csv,1
Cell_2_GEIS_SOC70,two_cpe_w_scan1,7.9395323,0.23513667,-0.10059586,0.23160343651828977,-0.09686511435000712,0.003533233481710224,-0.0037307456499928726,41,41,1,Cell_2_GEIS_SOC70.csv,1
Cell_2_GEIS_SOC70,two_cpe_w_scan1,6.3105812,0.24896592,-0.11397335,0.24518217605269807,-0.1097537175851977,0.0037837439473019374,-0.0042196324148023046,42,42,1,Cell_2_GEIS_SOC70.csv,1
Cell_2_GEIS_SOC70,two_cpe_w_scan1,5.0080128,0.26514375,-0.12904754,0.26185027850230264,-0.12359035162622617,0.0032934714976973756,-0.005457188373773819,43,43,1,Cell_2_GEIS_SOC70.csv,1
Cell_2_GEIS_SOC70,two_cpe_w_scan1,3.9778516,0.28492859,-0.14329778,0.28188685112318235,-0.13760079285826074,0.0030417388768176346,-0.005696987141739274,44,44,1,Cell_2_GEIS_SOC70.csv,1
Cell_2_GEIS_SOC70,two_cpe_w_scan1,3.1629555,0.30880168,-0.15724136,0.30544535781835264,-0.1508882650830589,0.0033563221816473865,-0.00635309491694111,45,45,1,Cell_2_GEIS_SOC70.csv,1
Cell_2_GEIS_SOC70,two_cpe_w_scan1,2.5136747,0.33583006,-0.16979913,0.3325000490236726,-0.16249890952209026,0.003330010976327402,-0.007300220477909736,46,46,1,Cell_2_GEIS_SOC70.csv,1
Cell_2_GEIS_SOC70,two_cpe_w_scan1,1.99553,0.36489186,-0.18037163,0.3624722478894924,-0.17142493560681327,0.0024196121105076185,-0.008946694393186738,47,47,1,Cell_2_GEIS_SOC70.csv,1
Cell_2_GEIS_SOC70,two_cpe_w_scan1,1.5853286,0.39586076,-0.18594658,0.39398410794224564,-0.1768917842838526,0.0018766520577543355,-0.009054795716147396,48,48,1,Cell_2_GEIS_SOC70.csv,1
Cell_2_GEIS_SOC70,two_cpe_w_scan1,1.2596742,0.42733911,-0.18839084,0.42568436159047796,-0.17879457296304158,0.0016547484095220666,-0.009596267036958428,49,49,1,Cell_2_GEIS_SOC70.csv,1
Cell_2_GEIS_SOC70,two_cpe_w_scan1,1.0000639,0.45633543,-0.18733422,0.4563649471457579,-0.17763792190664823,-2.9517145757940177e-05,-0.009696298093351763,50,50,1,Cell_2_GEIS_SOC70.csv,1
Cell_2_GEIS_SOC70,two_cpe_w_scan1,0.79363066,0.48524058,-0.18536462,0.4850188882997738,-0.17442426942700748,0.00022169170022617868,-0.01094035057299253,51,51,1,Cell_2_GEIS_SOC70.csv,1
Cell_2_GEIS_SOC70,two_cpe_w_scan1,0.63090527,0.50956219,-0.18141672,0.5110664065278471,-0.17038240230503027,-0.0015042165278470465,-0.011034317694969736,52,52,1,Cell_2_GEIS_SOC70.csv,1
Cell_2_GEIS_SOC70,two_cpe_w_scan1,0.50154078,0.53094131,-0.17581426,0.534908885562748,-0.1664568431564053,-0.00396757556274796,-0.009357416843594701,53,53,1,Cell_2_GEIS_SOC70.csv,1
Cell_2_GEIS_SOC70,two_cpe_w_scan1,0.39774463,0.55076736,-0.17115155,0.5571191192170055,-0.16316626502909926,-0.0063517592170054815,-0.007985284970900758,54,54,1,Cell_2_GEIS_SOC70.csv,1
Cell_2_GEIS_SOC70,two_cpe_w_scan1,0.3161931,0.56963009,-0.169213,0.577382029685124,-0.16081101186797414,-0.0077519396851239986,-0.008401988132025862,55,55,1,Cell_2_GEIS_SOC70.csv,1
Cell_2_GEIS_SOC70,two_cpe_w_scan1,0.25122195,0.58624607,-0.16727798,0.595731792164945,-0.15962328223050598,-0.009485722164945032,-0.007654697769494012,56,56,1,Cell_2_GEIS_SOC70.csv,1
Cell_2_GEIS_SOC70,two_cpe_w_scan1,0.19933917,0.60172522,-0.1664433,0.6117047038138522,-0.1603107048013744,-0.009979483813852275,-0.006132595198625579,57,57,1,Cell_2_GEIS_SOC70.csv,1
Cell_2_GEIS_SOC70,two_cpe_w_scan1,0.15860692,0.61548376,-0.16614987,0.6246555261180854,-0.16405336831943867,-0.009171766118085345,-0.00209650168056133,58,58,1,Cell_2_GEIS_SOC70.csv,1
Cell_2_GEIS_SOC70,two_cpe_w_scan1,0.12593903,0.62886959,-0.16743386,0.63483009570312,-0.17249417614497783,-0.0059605057031200115,0.005060316144977844,59,59,1,Cell_2_GEIS_SOC70.csv,1
Cell_2_GEIS_SOC70,two_cpe_w_scan1,0.10007046,0.64307231,-0.17027459,0.6423878994398339,-0.18728037962814523,0.0006844105601661044,0.017005789628145224,60,60,1,Cell_2_GEIS_SOC70.csv,1
Cell_2_GEIS_SOC70,two_cpe_w_scan2,100003.71,0.12035913,0.096403696,0.1203653359067495,-0.001606457607311366,-6.205906749504053e-06,0.09801015360731136,0,61,2,Cell_2_GEIS_SOC70.csv,0
Cell_2_GEIS_SOC70,two_cpe_w_scan2,79433.273,0.11822345,0.076471411,0.12055755808149439,-0.0018164277854865853,-0.002334108081494396,0.07828783878548659,1,62,2,Cell_2_GEIS_SOC70.csv,0
Cell_2_GEIS_SOC70,two_cpe_w_scan2,63093.824,0.11578681,0.05874934,0.12077593557264478,-0.002052816035512522,-0.004989125572644776,0.06080215603551252,2,63,2,Cell_2_GEIS_SOC70.csv,0
Cell_2_GEIS_SOC70,two_cpe_w_scan2,50122.477,0.11473572,0.045312118,0.12102387608164204,-0.002318458977207871,-0.006288156081642043,0.04763057697720787,3,64,2,Cell_2_GEIS_SOC70.csv,0
Cell_2_GEIS_SOC70,two_cpe_w_scan2,39814.059,0.11694808,0.035218984,0.12130567807139359,-0.0026168836298264943,-0.00435759807139359,0.0378358676298265,4,65,2,Cell_2_GEIS_SOC70.csv,0
Cell_2_GEIS_SOC70,two_cpe_w_scan2,31621.139,0.11918277,0.022699744,0.1216260526345561,-0.0029517149652629375,-0.002443282634556107,0.025651458965262938,5,66,2,Cell_2_GEIS_SOC70.csv,0
Cell_2_GEIS_SOC70,two_cpe_w_scan2,25116.91,0.11649393,0.018709669,0.12198985727616977,-0.0033263276909510386,-0.005495927276169779,0.02203599669095104,6,67,2,Cell_2_GEIS_SOC70.csv,0
Cell_2_GEIS_SOC70,two_cpe_w_scan2,19948.785,0.11901397,0.01270717,0.12240327633294766,-0.0037449714016312722,-0.003389306332947664,0.016452141401631273,7,68,2,Cell_2_GEIS_SOC70.csv,0
Cell_2_GEIS_SOC70,two_cpe_w_scan2,15847.683,0.11869818,0.0086908285,0.12287230120108887,-0.004211100754294546,-0.004174121201088871,0.012901929254294545,8,69,2,Cell_2_GEIS_SOC70.csv,0
Cell_2_GEIS_SOC70,two_cpe_w_scan2,12590.93,0.11976591,0.003925174,0.12340447165167835,-0.004729012828051395,-0.0036385616516783487,0.008654186828051396,9,70,2,Cell_2_GEIS_SOC70.csv,0
Cell_2_GEIS_SOC70,two_cpe_w_scan2,10002.226,0.12077236,0.00089952414,0.1240085597120994,-0.005303324463660402,-0.0032361997120994024,0.006202848603660402,10,71,2,Cell_2_GEIS_SOC70.csv,0
Cell_2_GEIS_SOC70,two_cpe_w_scan2,7943.999,0.1224663,-0.0004821968,0.1246941515323467,-0.0059383764034732335,-0.0022278515323466974,0.005456179603473233,11,72,2,Cell_2_GEIS_SOC70.csv,1
Cell_2_GEIS_SOC70,two_cpe_w_scan2,6307.7339,0.12401723,-0.002937132,0.12547168270822148,-0.006638094105863369,-0.0014544527082214764,0.003700962105863369,12,73,2,Cell_2_GEIS_SOC70.csv,1
Cell_2_GEIS_SOC70,two_cpe_w_scan2,5011.604,0.1238023,-0.0061188717,0.12634895542124694,-0.007402832643535262,-0.002546655421246935,0.0012839609435352619,13,74,2,Cell_2_GEIS_SOC70.csv,1
Cell_2_GEIS_SOC70,two_cpe_w_scan2,3981.2744,0.12755857,-0.0076575004,0.12734026791990677,-0.008237305126033712,0.00021830208009324115,0.0005798047260337112,14,75,2,Cell_2_GEIS_SOC70.csv,1
Cell_2_GEIS_SOC70,two_cpe_w_scan2,3161.0117,0.12783779,-0.0093450518,0.12846039722770347,-0.009144819003812444,-0.0006226072277034644,-0.0002002327961875567,15,76,2,Cell_2_GEIS_SOC70.csv,1
Cell_2_GEIS_SOC70,two_cpe_w_scan2,2510.8032,0.12878919,-0.0099737719,0.12971755337329124,-0.01012186101538492,-0.0009283633732912466,0.00014808911538492092,16,77,2,Cell_2_GEIS_SOC70.csv,1
Cell_2_GEIS_SOC70,two_cpe_w_scan2,1995.6388,0.13195364,-0.012552777,0.13112231537420524,-0.011165825679872694,0.0008313246257947715,-0.0013869513201273057,17,78,2,Cell_2_GEIS_SOC70.csv,1
Cell_2_GEIS_SOC70,two_cpe_w_scan2,1585.5074,0.13381363,-0.01231676,0.13269338830545868,-0.012278830517244533,0.0011202416945413074,-3.792948275546659e-05,18,79,2,Cell_2_GEIS_SOC70.csv,1
Cell_2_GEIS_SOC70,two_cpe_w_scan2,1258.7913,0.13556406,-0.013030002,0.13444521362384423,-0.01345848834000677,0.0011188463761557521,0.00042848634000676976,19,80,2,Cell_2_GEIS_SOC70.csv,1
Cell_2_GEIS_SOC70,two_cpe_w_scan2,1000.3202,0.13650444,-0.014674366,0.13637486659971795,-0.014690985179531376,0.00012957340028205144,1.661917953137658e-05,20,81,2,Cell_2_GEIS_SOC70.csv,1
Cell_2_GEIS_SOC70,two_cpe_w_scan2,794.23785,0.13921924,-0.016325939,0.13850430563416583,-0.015979544798235244,0.0007149343658341689,-0.00034639420176475755,21,82,2,Cell_2_GEIS_SOC70.csv,1
Cell_2_GEIS_SOC70,two_cpe_w_scan2,631.00964,0.14149596,-0.015084781,0.14082380352093427,-0.01730967251318104,0.0006721564790657386,0.0022248915131810407,22,83,2,Cell_2_GEIS_SOC70.csv,1
Cell_2_GEIS_SOC70,two_cpe_w_scan2,501.44418,0.14495251,-0.018892016,0.14333609936215702,-0.01867848207185647,0.0016164106378429854,-0.00021353392814353264,23,84,2,Cell_2_GEIS_SOC70.csv,1
Cell_2_GEIS_SOC70,two_cpe_w_scan2,398.08914,0.14798029,-0.019726748,0.1460510552016385,-0.02009145341165238,0.00192923479836149,0.0003647054116523822,24,85,2,Cell_2_GEIS_SOC70.csv,1
Cell_2_GEIS_SOC70,two_cpe_w_scan2,316.31589,0.1506124,-0.021933503,0.1489382422000037,-0.021540184975344108,0.0016741577999963009,-0.00039331802465589205,25,86,2,Cell_2_GEIS_SOC70.csv,1
Cell_2_GEIS_SOC70,two_cpe_w_scan2,251.04433,0.15395361,-0.022346074,0.15201173806885793,-0.0230481145330083,0.001941871931142064,0.0007020405330082982,26,87,2,Cell_2_GEIS_SOC70.csv,1
Cell_2_GEIS_SOC70,two_cpe_w_scan2,199.55299,0.15647198,-0.023757894,0.1552205867825953,-0.024617177376224274,0.0012513932174047226,0.0008592833762242728,27,88,2,Cell_2_GEIS_SOC70.csv,1
Cell_2_GEIS_SOC70,two_cpe_w_scan2,158.42841,0.16044778,-0.026517423,0.15858926485306865,-0.026298322151965335,0.001858515146931361,-0.00021910084803466318,28,89,2,Cell_2_GEIS_SOC70.csv,1
Cell_2_GEIS_SOC70,two_cpe_w_scan2,125.84567,0.16179748,-0.027553784,0.1620813972734676,-0.02812511520148664,-0.0002839172734676043,0.0005713312014866377,29,90,2,Cell_2_GEIS_SOC70.csv,1
Cell_2_GEIS_SOC70,two_cpe_w_scan2,100.03201,0.16506931,-0.030496424,0.16568847128066155,-0.03015615611317201,-0.0006191612806615565,-0.00034026788682799125,30,91,2,Cell_2_GEIS_SOC70.csv,1
Cell_2_GEIS_SOC70,two_cpe_w_scan2,79.415512,0.16899598,-0.034302492,0.16944570197853948,-0.0324868683368704,-0.0004497219785394857,-0.0018156236631295952,31,92,2,Cell_2_GEIS_SOC70.csv,1
Cell_2_GEIS_SOC70,two_cpe_w_scan2,63.082298,0.17463623,-0.035871334,0.1733437603721465,-0.03519506341473265,0.0012924696278535097,-0.0006762705852673481,32,93,2,Cell_2_GEIS_SOC70.csv,1
Cell_2_GEIS_SOC70,two_cpe_w_scan2,50.144421,0.17917956,-0.04082356,0.17741607638753604,-0.03838573864321305,0.0017634836124639508,-0.002437821356786954,33,94,2,Cell_2_GEIS_SOC70.csv,1
Cell_2_GEIS_SOC70,two_cpe_w_scan2,39.808914,0.18286338,-0.045266546,0.18176119847615724,-0.04221503098354221,0.0011021815238427546,-0.003051515016457791,34,95,2,Cell_2_GEIS_SOC70.csv,1
Cell_2_GEIS_SOC70,two_cpe_w_scan2,31.629555,0.18814276,-0.049113046,0.18643311385337138,-0.04678938334262622,0.0017096461466286073,-0.0023236626573737776,35,96,2,Cell_2_GEIS_SOC70.csv,1
Cell_2_GEIS_SOC70,two_cpe_w_scan2,25.104433,0.19326539,-0.052895099,0.19160237763465918,-0.052296956877127196,0.0016630123653408324,-0.0005981421228728051,36,97,2,Cell_2_GEIS_SOC70.csv,1
Cell_2_GEIS_SOC70,two_cpe_w_scan2,19.955299,0.19968164,-0.060192157,0.1973890987781012,-0.05882530275231952,0.002292541221898786,-0.001366854247680481,37,98,2,Cell_2_GEIS_SOC70.csv,1
Cell_2_GEIS_SOC70,two_cpe_w_scan2,15.857577,0.20530599,-0.068817079,0.20406953905789008,-0.06655830213401268,0.001236450942109918,-0.0022587768659873275,38,99,2,Cell_2_GEIS_SOC70.csv,1
Cell_2_GEIS_SOC70,two_cpe_w_scan2,12.600809,0.21387541,-0.078152008,0.21194223134282592,-0.07560174563143082,0.0019331786571740728,-0.0025502623685691728,39,100,2,Cell_2_GEIS_SOC70.csv,1
Cell_2_GEIS_SOC70,two_cpe_w_scan2,10.003201,0.22335242,-0.088462755,0.2214290566854045,-0.0860538314065531,0.0019233633145954998,-0.00240892359344691,40,101,2,Cell_2_GEIS_SOC70.csv,1
Cell_2_GEIS_SOC70,two_cpe_w_scan2,7.9395323,0.23544712,-0.10051052,0.23296682666680377,-0.09783926821426353,0.002480293333196243,-0.0026712517857364754,41,102,2,Cell_2_GEIS_SOC70.csv,1
Cell_2_GEIS_SOC70,two_cpe_w_scan2,6.3105812,0.24972467,-0.11360837,0.24695831762171805,-0.11065723023098578,0.002766352378281961,-0.002951139769014219,42,103,2,Cell_2_GEIS_SOC70.csv,1
Cell_2_GEIS_SOC70,two_cpe_w_scan2,5.0080128,0.2666015,-0.12830637,0.26407972660412526,-0.1242499061491871,0.002521773395874727,-0.0040564638508129025,43,104,2,Cell_2_GEIS_SOC70.csv,1
Cell_2_GEIS_SOC70,two_cpe_w_scan2,3.9778516,0.2865566,-0.14236084,0.2845365312492012,-0.13780055075956027,0.002020068750798798,-0.004560289240439719,44,105,2,Cell_2_GEIS_SOC70.csv,1
Cell_2_GEIS_SOC70,two_cpe_w_scan2,3.1629555,0.31078395,-0.15568209,0.3083834617646507,-0.15040248508496762,0.002400488235349274,-0.0052796049150323765,45,106,2,Cell_2_GEIS_SOC70.csv,1
Cell_2_GEIS_SOC70,two_cpe_w_scan2,2.5136747,0.33767509,-0.1667514,0.3354856767867334,-0.16113847373744558,0.0021894132132666,-0.005612926262554413,46,107,2,Cell_2_GEIS_SOC70.csv,1
Cell_2_GEIS_SOC70,two_cpe_w_scan2,1.99553,0.36694494,-0.17537451,0.3651726230643585,-0.16910166431379153,0.0017723169356415047,-0.006272845686208478,47,108,2,Cell_2_GEIS_SOC70.csv,1
Cell_2_GEIS_SOC70,two_cpe_w_scan2,1.5853286,0.39800239,-0.18047628,0.39604419069512964,-0.1736745984840877,0.001958199304870345,-0.006801681515912289,48,109,2,Cell_2_GEIS_SOC70.csv,1
Cell_2_GEIS_SOC70,two_cpe_w_scan2,1.2596742,0.42755258,-0.1819057,0.42681219933993864,-0.17489261912895776,0.0007403806600613794,-0.007013080871042243,49,110,2,Cell_2_GEIS_SOC70.csv,1
Cell_2_GEIS_SOC70,two_cpe_w_scan2,1.0000639,0.45675889,-0.18058063,0.4563839589633932,-0.17334030390042884,0.00037493103660679594,-0.007240326099571148,50,111,2,Cell_2_GEIS_SOC70.csv,1
Cell_2_GEIS_SOC70,two_cpe_w_scan2,0.79363066,0.48328474,-0.17865494,0.4838722076664736,-0.1700369058971493,-0.0005874676664736067,-0.008618034102850725,51,112,2,Cell_2_GEIS_SOC70.csv,1
Cell_2_GEIS_SOC70,two_cpe_w_scan2,0.63090527,0.50689733,-0.17287149,0.508793820682888,-0.16620027856414787,-0.0018964906828879968,-0.006671211435852115,52,113,2,Cell_2_GEIS_SOC70.csv,1
Cell_2_GEIS_SOC70,two_cpe_w_scan2,0.50154078,0.52949578,-0.17001916,0.5316268045681094,-0.16277974052126792,-0.0021310245681094298,-0.007239419478732079,53,114,2,Cell_2_GEIS_SOC70.csv,1
Cell_2_GEIS_SOC70,two_cpe_w_scan2,0.39774463,0.54979277,-0.16815986,0.5530772393612895,-0.16029903292690012,-0.003284469361289455,-0.007860827073099874,54,115,2,Cell_2_GEIS_SOC70.csv,1
Cell_2_GEIS_SOC70,two_cpe_w_scan2,0.3161931,0.56817687,-0.16577151,0.5730365763706433,-0.1589424061576541,-0.0048597063706433685,-0.006829103842345918,55,116,2,Cell_2_GEIS_SOC70.csv,1
Cell_2_GEIS_SOC70,two_cpe_w_scan2,0.25122195,0.58368999,-0.16343249,0.5916719642197261,-0.15870560687856838,-0.007981974219726129,-0.00472688312143163,56,117,2,Cell_2_GEIS_SOC70.csv,1
Cell_2_GEIS_SOC70,two_cpe_w_scan2,0.19933917,0.59843284,-0.16271833,0.6084980781692721,-0.15996659678048744,-0.010065238169272184,-0.0027517332195125532,57,118,2,Cell_2_GEIS_SOC70.csv,1
Cell_2_GEIS_SOC70,two_cpe_w_scan2,0.15860692,0.61436099,-0.16483329,0.6226354000879794,-0.16364527963864117,-0.008274410087979356,-0.001188010361358821,58,119,2,Cell_2_GEIS_SOC70.csv,1
Cell_2_GEIS_SOC70,two_cpe_w_scan2,0.12593903,0.63032866,-0.16852978,0.6340714939509495,-0.17130382975130332,-0.0037428339509495423,0.0027740497513033258,59,120,2,Cell_2_GEIS_SOC70.csv,1
Cell_2_GEIS_SOC70,two_cpe_w_scan2,0.10007046,0.64547902,-0.17223255,0.6427401816186943,-0.18464907100487263,0.0027388383813057304,0.012416521004872616,60,121,2,Cell_2_GEIS_SOC70.csv,1
